Date,Month,Year,Holidays_Count,Days,PM2.5,PM10,NO2,SO2,CO,Ozone,AQI
15.0,5.0,2022,1,7,118.54,257.73,3.57,24.06,1.24,33.43,295.0
21.0,11.0,2024,0,4,119.66,432.46,42.33,54.18,1.85,35.28,354.0
27.0,10.0,2024,1,7,117.78,371.78,61.47,49.69,1.37,44.82,323.0
5.0,4.0,2024,0,5,66.6,172.58,11.18,26.87,0.63,50.86,161.0
5.0,9.0,2022,0,1,29.88,87.24,7.59,2.47,0.8,17.08,82.0
4.0,1.0,2022,0,2,253.02,318.67,22.38,7.87,2.83,28.56,413.0
11.0,1.0,2022,0,2,93.69,113.94,6.91,7.52,1.22,34.49,231.0
11.0,10.0,2022,0,2,19.98,66.91,10.89,10.66,0.63,34.88,45.0
1.0,6.0,2021,0,2,44.7,108.78,30.79,5.15,0.5,66.73,107.0
24.0,12.0,2024,0,2,88.98,327.4,49.58,62.53,1.29,32.15,303.0
7.0,4.0,2021,0,3,78.51,293.92,9.0,9.48,0.57,39.89,304.0
16.0,6.0,2021,0,3,41.19,92.69,51.18,8.11,0.78,39.87,123.0
7.0,10.0,2024,0,1,32.6,126.42,44.17,42.23,0.39,30.17,109.0
3.0,8.0,2022,0,3,45.03,139.59,10.27,26.28,0.73,52.95,125.0
31.0,5.0,2021,0,1,44.64,125.09,64.13,5.12,0.93,24.98,113.0
20.0,3.0,2023,0,1,49.47,174.17,23.02,17.62,0.84,48.81,174.0
31.0,8.0,2023,0,4,49.55,158.37,15.03,18.97,0.5,26.31,137.0
10.0,8.0,2022,0,3,42.77,93.29,37.23,26.39,0.57,48.26,87.0
3.0,4.0,2024,0,3,97.29,229.66,14.65,26.29,0.87,59.09,146.0
6.0,11.0,2024,0,3,130.42,418.21,72.28,63.23,1.55,9.85,355.0
17.0,9.0,2024,0,2,41.81,151.99,42.71,39.9,0.62,23.8,144.0
15.0,2.0,2024,0,4,73.63,296.8,40.37,23.15,0.77,28.9,234.0
5.0,10.0,2023,0,4,62.15,202.03,28.15,19.48,0.84,73.09,171.0
1.0,7.0,2021,0,4,56.77,289.39,34.89,7.66,0.47,21.55,302.0
27.0,6.0,2021,1,7,72.04,166.74,47.39,9.44,1.02,54.78,150.0
3.0,1.0,2023,0,2,233.25,368.79,11.94,7.57,0.95,47.16,384.0
22.0,2.0,2022,0,2,115.54,268.96,40.22,8.11,1.43,33.75,254.0
28.0,4.0,2021,0,3,237.88,432.09,80.54,28.81,2.82,43.01,321.0
8.0,2.0,2023,0,3,52.13,184.39,6.67,9.59,0.75,21.53,139.0
24.0,11.0,2024,1,7,92.24,331.67,44.93,56.4,2.01,31.83,297.0
17.0,8.0,2024,0,6,13.74,59.91,46.1,35.45,0.6,29.61,58.0
24.0,1.0,2023,0,2,94.94,193.3,15.85,6.38,1.05,9.13,242.0
18.0,2.0,2024,1,7,80.42,323.0,58.36,24.17,1.66,27.38,287.0
4.0,2.0,2021,0,4,134.66,170.25,114.15,3.13,1.04,36.53,352.0
22.0,11.0,2021,0,1,151.6,244.82,10.39,9.0,0.9,34.58,324.0
16.0,7.0,2024,0,2,29.96,72.82,46.26,36.63,0.9,40.61,58.0
5.0,12.0,2021,1,7,231.11,289.04,12.29,6.44,3.3,32.11,345.0
7.0,7.0,2022,0,4,38.57,93.44,21.76,24.26,0.44,26.74,97.0
6.0,9.0,2021,0,1,66.59,94.23,33.14,8.55,1.56,45.01,126.0
28.0,8.0,2024,0,3,12.69,49.17,43.07,37.83,0.56,29.94,54.0
4.0,7.0,2023,0,2,47.58,116.78,18.27,8.41,0.76,43.52,118.0
18.0,1.0,2021,0,1,232.16,318.1,210.31,14.92,1.32,28.17,401.0
12.0,10.0,2024,1,6,43.78,190.88,38.04,39.48,0.47,31.87,162.0
4.0,1.0,2021,0,1,89.55,132.08,153.98,10.42,1.01,49.19,207.0
26.0,5.0,2021,1,3,65.16,149.77,50.38,6.57,0.67,49.01,137.0
26.0,3.0,2022,0,6,91.62,274.15,11.3,11.24,0.75,12.77,220.0
20.0,3.0,2024,0,3,108.1,268.26,32.93,22.81,0.85,37.18,242.0
12.0,7.0,2024,0,5,24.39,100.11,48.13,35.98,0.74,37.25,99.0
28.0,10.0,2021,0,4,166.48,216.63,62.98,5.41,2.07,42.99,168.0
13.0,3.0,2024,0,3,76.89,213.65,29.48,21.97,0.78,34.42,173.0
10.0,10.0,2023,0,2,76.83,249.3,28.16,21.35,1.13,45.64,205.0
25.0,5.0,2022,0,3,91.29,183.36,9.19,4.57,1.2,34.18,202.0
12.0,5.0,2022,0,4,92.97,153.91,2.81,12.21,0.91,49.35,194.0
11.0,4.0,2022,0,1,307.96,358.11,12.42,100.35,1.13,19.98,295.0
11.0,1.0,2023,0,3,189.83,310.04,16.15,4.9,1.17,10.61,288.0
29.0,12.0,2024,1,7,31.21,139.75,27.01,65.94,0.57,35.88,142.0
4.0,6.0,2021,0,5,96.17,183.07,43.35,5.0,1.0,68.98,216.0
9.0,9.0,2022,0,5,64.96,124.14,9.32,6.21,0.7,67.66,150.0
20.0,1.0,2021,0,3,159.91,193.78,142.41,7.45,0.88,31.96,322.0
18.0,11.0,2024,0,1,306.91,844.09,45.09,58.12,1.96,29.78,468.0
25.0,3.0,2023,0,6,29.67,75.46,25.88,29.63,0.69,91.06,163.0
1.0,10.0,2024,0,2,43.28,173.74,37.98,41.38,0.45,22.37,136.0
10.0,5.0,2021,0,1,51.08,94.49,58.1,4.82,0.81,45.97,88.0
12.0,1.0,2022,0,3,115.58,161.38,8.93,7.75,1.49,30.86,179.0
26.0,5.0,2022,0,4,105.62,233.43,12.82,6.56,1.23,49.55,222.0
1.0,7.0,2022,0,5,38.9,56.38,31.54,13.72,0.74,18.94,64.0
29.0,4.0,2024,0,1,94.34,244.66,6.1,30.67,0.71,103.21,218.0
20.0,11.0,2021,0,6,227.78,279.56,11.58,8.46,1.86,16.4,401.0
23.0,2.0,2023,0,4,55.57,206.67,15.28,7.9,0.84,15.67,196.0
15.0,8.0,2021,1,7,37.18,123.48,20.61,8.16,0.43,68.21,119.0
5.0,1.0,2021,0,2,54.06,55.54,122.66,9.7,0.64,48.88,149.0
26.0,4.0,2023,0,3,65.63,283.41,51.43,61.84,1.46,88.84,234.0
25.0,11.0,2021,0,4,299.04,389.01,13.27,9.34,3.45,30.88,429.0
3.0,4.0,2023,0,1,44.98,167.74,28.57,42.26,0.91,52.05,138.0
18.0,2.0,2023,1,6,97.82,344.78,18.72,7.66,1.55,14.02,326.0
5.0,8.0,2024,0,1,13.15,49.18,33.04,37.03,0.45,35.48,46.0
21.0,5.0,2024,0,2,125.18,288.44,31.5,31.01,1.18,29.09,275.0
12.0,7.0,2022,0,2,37.22,76.49,18.98,24.0,0.71,66.51,84.0
24.0,6.0,2024,0,1,62.69,127.83,52.71,33.27,1.18,55.03,116.0
6.0,1.0,2021,0,3,155.59,180.14,142.71,10.29,1.18,44.47,252.0
15.0,3.0,2024,0,5,53.91,154.0,23.63,22.09,0.49,37.75,133.0
28.0,6.0,2024,0,5,203.38,305.14,55.51,36.08,1.12,34.26,192.0
10.0,9.0,2024,0,2,23.61,84.44,45.25,54.9,0.66,26.52,91.0
19.0,10.0,2024,0,6,80.8,290.52,57.74,47.24,0.99,30.53,252.0
19.0,12.0,2024,0,4,136.81,652.17,48.65,61.43,3.62,34.59,460.0
25.0,12.0,2024,1,3,86.53,344.46,52.68,62.88,1.34,29.75,309.0
12.0,8.0,2024,0,1,13.45,44.33,35.31,34.65,0.47,26.16,45.0
28.0,6.0,2023,0,3,34.89,94.81,17.02,15.5,0.58,46.23,79.0
11.0,3.0,2021,1,4,121.57,233.44,56.27,4.22,1.7,31.05,262.0
8.0,10.0,2023,1,7,54.65,199.79,28.07,19.77,0.97,63.94,178.0
9.0,6.0,2021,0,3,75.25,350.71,42.75,6.91,0.55,23.66,348.0
6.0,6.0,2021,1,7,56.79,205.74,41.7,7.0,0.59,25.73,181.0
27.0,11.0,2024,0,3,81.01,294.8,32.29,57.48,1.22,34.98,241.0
16.0,2.0,2024,0,5,64.35,264.88,41.3,23.26,0.71,28.82,245.0
4.0,3.0,2024,0,1,46.01,134.41,27.51,22.96,0.42,30.43,140.0
25.0,3.0,2024,1,1,83.81,185.35,19.26,23.15,0.74,37.95,193.0
20.0,5.0,2023,0,6,67.76,226.87,14.89,20.31,1.09,19.41,187.0
6.0,1.0,2022,0,4,110.85,130.96,13.86,6.93,1.81,27.78,290.0
8.0,10.0,2021,0,5,68.31,179.04,40.87,7.71,1.13,38.89,138.0
28.0,5.0,2023,1,7,62.5,198.44,28.48,7.18,1.49,27.44,115.0
26.0,9.0,2021,1,7,39.82,60.03,28.45,8.19,0.53,13.06,55.0
23.0,8.0,2024,0,5,13.71,53.82,42.17,35.83,0.55,28.32,63.0
1.0,12.0,2021,0,3,276.66,358.33,11.05,6.14,2.27,32.43,391.0
12.0,12.0,2024,0,4,77.01,297.75,48.59,59.84,1.1,26.56,273.0
26.0,9.0,2022,0,1,22.03,74.46,6.69,9.78,0.61,18.05,66.0
27.0,6.0,2024,0,4,45.35,68.22,49.09,34.34,0.89,29.85,75.0
16.0,2.0,2021,0,2,182.05,278.41,116.09,3.87,1.81,25.66,344.0
29.0,4.0,2021,0,4,215.39,406.98,58.3,25.24,2.21,60.72,303.0
20.0,8.0,2024,0,2,20.47,43.14,43.62,36.12,0.55,27.09,55.0
30.0,7.0,2021,0,5,29.74,40.97,56.05,7.3,0.8,29.3,53.0
9.0,12.0,2024,0,1,48.64,167.16,45.01,59.17,0.79,46.66,152.0
24.0,2.0,2024,0,6,54.35,217.67,39.03,25.35,0.56,29.45,175.0
4.0,7.0,2022,0,1,87.32,133.14,40.7,13.47,1.1,34.59,101.0
27.0,7.0,2021,0,2,42.01,54.57,21.44,7.0,0.68,29.48,90.0
24.0,9.0,2023,1,7,40.25,122.12,28.2,19.27,0.98,52.99,106.0
16.0,1.0,2022,1,7,132.88,227.47,5.1,1.69,1.15,14.04,310.0
31.0,12.0,2021,0,5,181.46,287.61,19.89,2.33,1.1,11.41,315.0
31.0,7.0,2024,0,3,23.45,83.63,33.17,36.39,0.52,47.8,95.0
18.0,3.0,2022,1,5,154.35,218.23,22.48,9.65,1.4,5.08,301.0
15.0,1.0,2022,0,6,92.03,175.69,3.48,2.06,0.9,14.59,205.0
21.0,9.0,2023,0,4,35.42,108.59,29.36,19.18,0.64,61.19,103.0
4.0,9.0,2022,1,7,32.85,87.52,6.93,5.72,0.39,46.99,85.0
6.0,2.0,2023,0,1,98.1,351.38,20.42,12.99,3.29,11.67,268.0
9.0,2.0,2022,0,3,83.57,130.3,17.15,10.19,1.19,34.29,221.0
11.0,9.0,2022,1,7,30.37,78.38,7.26,6.25,0.56,64.99,72.0
4.0,5.0,2022,0,3,147.9,352.92,21.57,26.81,0.93,42.71,324.0
24.0,3.0,2021,0,3,90.99,181.2,69.97,6.43,0.88,37.66,177.0
24.0,1.0,2022,0,1,136.58,162.36,9.6,8.39,2.2,19.4,283.0
28.0,10.0,2024,0,1,85.48,264.15,47.52,47.59,0.91,44.31,236.0
17.0,12.0,2022,0,6,93.08,353.73,48.36,6.0,1.44,44.17,314.0
13.0,4.0,2024,0,6,71.35,202.41,12.02,27.64,1.0,68.71,195.0
3.0,9.0,2021,0,5,37.07,45.6,27.61,8.53,0.56,33.25,53.0
25.0,7.0,2022,0,1,25.0,50.31,3.51,26.16,0.35,54.92,56.0
23.0,10.0,2021,0,6,155.65,150.32,73.91,5.31,2.39,26.86,151.0
10.0,1.0,2021,1,7,131.57,180.38,93.31,9.92,0.69,51.96,284.0
4.0,1.0,2024,0,4,86.58,349.36,21.61,22.18,1.02,19.19,324.0
12.0,3.0,2023,1,7,47.92,218.34,21.74,14.95,0.92,48.53,183.0
17.0,10.0,2022,0,1,46.12,244.02,4.51,11.0,0.7,17.79,185.0
16.0,9.0,2023,0,6,22.31,54.13,18.47,19.33,0.61,44.78,70.0
15.0,9.0,2024,1,7,22.27,95.03,24.92,38.54,0.41,23.24,86.0
22.0,10.0,2021,0,5,77.12,160.18,46.57,5.88,0.93,29.88,165.0
29.0,8.0,2022,0,1,43.31,133.05,15.03,25.81,0.42,54.95,130.0
28.0,9.0,2024,0,6,17.22,66.29,35.21,40.09,0.34,20.35,62.0
22.0,10.0,2024,0,2,97.62,337.68,45.57,47.41,0.96,24.08,307.0
24.0,2.0,2022,0,4,170.05,282.62,51.29,10.08,1.32,14.35,329.0
25.0,4.0,2021,1,7,104.76,189.19,48.65,16.52,1.69,60.4,217.0
9.0,4.0,2021,0,5,62.75,170.91,55.34,15.53,1.36,55.41,157.0
18.0,4.0,2023,0,2,91.54,317.65,37.15,72.28,1.19,22.88,230.0
6.0,7.0,2021,0,2,51.65,250.51,30.24,7.64,0.46,49.21,239.0
23.0,4.0,2023,1,7,31.18,105.16,11.51,34.84,0.4,93.04,118.0
4.0,9.0,2021,0,6,40.13,50.65,32.74,8.71,1.3,29.96,46.0
28.0,7.0,2024,1,7,20.81,76.48,33.92,36.31,0.62,28.52,72.0
4.0,11.0,2021,1,4,271.39,380.04,67.34,8.67,2.88,30.77,394.0
27.0,9.0,2021,0,1,57.51,110.73,32.18,8.25,0.7,12.82,102.0
17.0,8.0,2021,0,2,55.64,159.26,18.93,7.48,0.63,53.16,144.0
18.0,5.0,2024,0,6,133.35,284.89,33.85,33.22,0.7,38.31,291.0
18.0,11.0,2021,0,4,252.34,311.51,11.22,8.7,2.81,32.82,361.0
8.0,11.0,2021,0,1,209.2,338.15,81.6,8.44,2.45,37.4,287.0
13.0,7.0,2024,0,6,27.19,98.64,49.9,36.22,0.95,40.64,96.0
16.0,4.0,2022,0,6,95.16,254.7,10.89,15.89,0.68,65.24,257.0
11.0,3.0,2023,0,6,60.07,242.02,18.0,13.62,0.87,43.94,217.0
17.0,10.0,2024,0,4,84.94,319.32,53.36,47.1,0.98,30.78,291.0
8.0,8.0,2021,1,7,49.75,64.09,28.19,7.55,0.89,13.84,88.0
7.0,6.0,2021,0,1,73.07,192.02,49.94,7.69,0.88,30.31,158.0
17.0,11.0,2023,0,5,126.56,410.13,191.88,24.32,2.25,10.08,383.0
27.0,1.0,2024,0,6,72.18,299.85,35.5,20.61,0.81,28.03,267.0
22.0,5.0,2023,0,1,69.33,252.19,28.79,13.44,1.12,32.49,182.0
11.0,3.0,2024,0,1,76.01,211.71,34.02,21.78,0.82,35.36,175.0
1.0,2.0,2024,0,4,31.84,108.25,31.22,21.48,0.71,26.98,145.0
31.0,10.0,2022,0,1,286.46,520.95,51.09,14.99,2.86,14.66,409.0
7.0,1.0,2021,0,4,118.39,131.18,98.87,9.81,0.73,48.6,288.0
7.0,4.0,2024,1,7,129.98,358.42,16.13,26.96,1.28,29.7,229.0
25.0,8.0,2022,0,4,36.47,100.36,15.08,25.8,0.69,62.87,77.0
17.0,3.0,2021,0,3,138.5,358.46,40.96,4.95,0.78,20.82,352.0
9.0,1.0,2023,0,1,250.18,377.71,11.19,5.84,2.31,57.32,412.0
5.0,1.0,2023,0,4,163.96,274.04,13.22,8.45,1.11,38.09,318.0
30.0,8.0,2021,1,1,25.59,46.3,25.33,7.63,0.42,32.27,67.0
14.0,4.0,2024,1,7,47.93,121.73,9.4,27.72,0.67,41.3,130.0
18.0,12.0,2023,0,1,77.88,285.03,70.47,21.01,1.03,29.25,268.0
11.0,11.0,2021,0,4,369.13,434.16,150.17,7.75,3.93,20.39,425.0
3.0,8.0,2024,0,6,18.74,61.84,35.11,37.14,0.52,33.3,62.0
22.0,5.0,2024,0,3,95.22,201.08,34.0,30.52,3.81,28.28,227.0
16.0,1.0,2024,0,2,125.14,451.87,48.65,21.62,1.78,28.02,331.0
7.0,8.0,2024,0,3,11.7,39.39,35.57,36.78,0.48,29.37,47.0
20.0,6.0,2021,1,7,27.82,34.46,44.46,8.03,0.42,30.84,54.0
10.0,5.0,2023,0,3,69.17,224.55,24.71,28.89,0.73,70.35,184.0
23.0,6.0,2021,0,3,95.84,285.92,50.92,8.78,0.8,33.85,236.0
27.0,12.0,2024,0,5,58.43,249.17,41.69,65.89,0.99,36.25,263.0
19.0,7.0,2021,0,1,38.03,15.72,28.7,8.94,0.41,22.44,41.0
13.0,2.0,2023,0,1,38.75,132.75,8.13,10.09,0.47,36.7,124.0
23.0,1.0,2024,0,2,115.04,429.22,45.74,22.03,1.23,27.73,378.0
24.0,9.0,2024,0,2,73.68,177.62,99.14,53.89,0.53,28.32,146.0
21.0,10.0,2023,0,6,78.96,236.51,42.05,20.0,0.88,11.34,159.0
6.0,5.0,2021,0,4,54.81,163.54,36.33,4.5,0.62,47.71,128.0
17.0,2.0,2022,0,4,110.41,200.28,32.95,6.58,0.97,23.53,250.0
27.0,12.0,2021,0,1,158.89,245.79,13.82,3.26,1.13,10.29,279.0
26.0,12.0,2021,1,7,432.88,595.44,26.81,3.25,2.02,7.09,490.0
15.0,5.0,2023,0,1,42.88,172.64,17.22,22.8,0.82,61.53,148.0
8.0,1.0,2022,0,6,48.56,53.88,6.31,6.54,1.1,27.01,90.0
17.0,3.0,2022,0,4,121.13,219.67,24.51,8.59,0.93,6.19,221.0
18.0,8.0,2021,0,3,66.42,167.05,21.59,7.54,0.75,57.0,146.0
9.0,5.0,2023,0,2,61.0,256.02,14.88,24.99,0.87,67.61,208.0
5.0,5.0,2023,1,5,49.72,213.66,21.39,17.75,1.23,38.94,165.0
19.0,10.0,2023,0,4,39.55,115.45,54.33,20.38,0.46,10.73,99.0
19.0,7.0,2024,0,5,31.92,106.91,50.23,37.43,1.17,40.73,98.0
12.0,5.0,2021,0,3,43.88,141.98,40.29,5.94,0.44,45.14,114.0
11.0,4.0,2023,0,2,89.73,389.09,49.18,113.4,1.32,40.67,309.0
25.0,1.0,2022,0,2,117.64,164.14,9.58,8.21,1.96,19.53,207.0
16.0,5.0,2024,0,4,126.34,280.51,27.22,31.57,1.16,35.71,259.0
17.0,7.0,2021,0,6,54.56,117.34,42.77,9.35,0.72,15.47,92.0
29.0,4.0,2023,0,6,58.27,243.75,27.85,17.6,0.83,39.22,209.0
21.0,2.0,2024,0,3,51.62,195.52,29.07,24.21,0.62,28.14,200.0
7.0,9.0,2024,0,6,14.57,58.85,42.02,53.89,0.54,25.89,70.0
22.0,5.0,2022,1,7,125.68,168.44,52.14,83.06,1.21,9.02,268.0
1.0,11.0,2021,0,1,151.11,255.77,97.32,7.55,4.7,28.41,277.0
15.0,5.0,2024,0,3,156.45,321.92,26.59,35.44,1.2,39.86,298.0
17.0,4.0,2021,0,6,51.27,130.61,42.83,2.59,1.23,27.52,142.0
14.0,3.0,2022,0,1,125.69,233.95,31.36,8.64,1.05,5.66,255.0
31.0,8.0,2021,0,2,29.47,39.15,27.81,7.24,0.62,33.01,45.0
30.0,5.0,2023,0,2,28.55,102.42,21.73,10.6,0.84,36.17,102.0
14.0,3.0,2021,1,7,132.36,253.72,39.84,4.11,0.74,30.27,251.0
15.0,12.0,2024,1,7,105.21,379.62,60.5,60.89,1.44,34.37,293.0
5.0,4.0,2021,0,1,76.91,230.03,79.56,20.31,1.81,54.96,188.0
12.0,11.0,2024,0,2,120.36,343.11,39.27,72.47,0.76,27.14,347.0
20.0,4.0,2024,0,6,74.17,194.12,5.48,28.71,0.56,85.99,194.0
17.0,6.0,2021,0,4,49.51,84.06,43.13,7.09,0.95,48.44,85.0
30.0,8.0,2023,0,3,41.92,156.7,21.7,18.72,0.48,9.59,148.0
29.0,7.0,2021,0,4,31.12,60.07,18.29,6.78,0.65,22.73,49.0
16.0,10.0,2021,0,6,145.48,248.36,50.86,8.14,1.85,50.33,273.0
8.0,5.0,2023,0,1,42.7,148.82,22.7,17.29,0.86,44.33,126.0
19.0,8.0,2022,1,5,27.54,53.97,37.69,26.71,0.32,49.43,59.0
25.0,10.0,2024,0,5,66.3,256.32,34.9,47.45,0.74,37.99,229.0
9.0,4.0,2023,1,7,73.4,274.66,30.53,61.71,0.99,49.9,233.0
18.0,12.0,2022,1,7,113.19,413.75,51.33,7.3,1.67,51.19,319.0
10.0,3.0,2021,0,3,91.85,192.7,39.4,3.58,0.74,26.03,205.0
27.0,10.0,2021,0,3,94.53,193.14,55.06,4.99,1.6,45.57,162.0
30.0,4.0,2022,0,6,197.42,290.64,54.05,83.79,1.32,29.18,360.0
7.0,5.0,2022,0,6,169.8,320.74,3.65,28.74,1.45,54.13,335.0
22.0,11.0,2023,0,3,171.23,428.7,133.36,24.19,1.4,10.09,358.0
9.0,4.0,2024,0,2,80.33,209.65,17.74,26.89,0.9,56.1,203.0
19.0,2.0,2024,0,1,60.72,284.13,52.67,23.83,0.66,32.15,241.0
11.0,12.0,2022,1,7,72.24,243.72,45.85,6.12,0.67,28.5,198.0
8.0,4.0,2022,0,5,192.1,257.82,12.84,60.07,0.78,42.91,313.0
16.0,8.0,2023,0,3,35.68,115.67,43.32,19.71,0.69,25.42,63.0
3.0,1.0,2024,0,3,81.94,308.65,26.41,22.01,1.03,19.65,246.0
20.0,2.0,2023,0,1,98.36,342.75,24.1,11.16,1.84,15.93,337.0
6.0,4.0,2021,0,2,172.48,455.72,18.73,17.63,1.18,47.63,377.0
18.0,1.0,2024,0,4,95.82,374.84,42.41,22.18,1.19,27.17,313.0
6.0,6.0,2022,0,1,62.83,215.0,35.87,14.24,0.62,57.98,195.0
28.0,8.0,2022,1,7,41.74,126.96,15.02,25.81,0.39,51.03,106.0
24.0,5.0,2023,0,3,33.53,116.51,22.18,22.08,0.79,46.42,148.0
22.0,7.0,2021,0,4,29.84,43.57,23.74,7.65,0.56,58.83,58.0
2.0,7.0,2024,0,2,37.15,129.17,48.37,35.84,0.9,30.18,128.0
30.0,3.0,2023,0,4,53.09,209.82,28.08,45.17,0.89,114.68,182.0
8.0,3.0,2021,0,1,110.05,233.19,43.89,4.32,1.46,42.61,227.0
14.0,9.0,2021,0,2,34.25,67.3,22.61,7.69,0.48,33.55,44.0
4.0,11.0,2023,0,6,161.2,510.58,72.08,19.7,1.94,12.32,383.0
22.0,7.0,2024,0,1,18.62,66.9,47.46,37.71,0.92,48.36,72.0
21.0,8.0,2024,0,3,10.62,67.21,43.56,36.0,0.54,29.75,59.0
12.0,12.0,2023,0,2,127.52,434.97,59.39,20.56,1.95,32.62,323.0
25.0,9.0,2021,0,6,29.94,52.34,25.04,8.12,0.36,11.41,50.0
11.0,6.0,2024,0,2,116.26,488.18,86.85,43.89,1.03,82.55,290.0
7.0,5.0,2024,0,2,157.49,369.89,29.94,33.33,1.42,73.35,310.0
29.0,6.0,2023,1,4,39.48,93.39,17.74,15.72,0.74,26.77,106.0
23.0,9.0,2023,0,6,27.91,84.43,28.2,19.09,0.74,57.82,92.0
1.0,7.0,2023,0,6,24.95,43.38,8.89,14.17,0.46,48.07,45.0
8.0,4.0,2023,0,6,50.5,179.93,20.25,55.08,0.69,63.03,161.0
27.0,9.0,2024,0,5,16.78,67.44,41.15,40.23,0.4,17.76,72.0
29.0,10.0,2021,0,5,164.44,230.99,67.24,5.71,1.88,31.06,198.0
30.0,8.0,2022,0,2,52.9,129.59,15.12,25.89,0.65,59.85,110.0
31.0,5.0,2024,0,5,97.29,322.16,31.3,34.41,0.67,72.38,256.0
15.0,5.0,2021,0,6,48.99,159.97,41.5,5.51,0.48,38.87,128.0
6.0,3.0,2021,0,6,121.86,257.23,32.67,6.38,0.87,42.58,257.0
15.0,12.0,2022,0,4,59.8,210.46,45.72,5.63,0.76,31.31,162.0
20.0,5.0,2021,0,4,58.5,43.06,27.87,5.22,0.41,43.84,48.0
3.0,7.0,2023,0,1,45.55,117.32,17.77,6.1,0.71,64.58,99.0
27.0,1.0,2021,0,3,216.71,397.43,34.5,7.94,1.23,24.33,371.0
23.0,2.0,2024,0,5,41.39,170.18,34.98,25.07,0.4,28.76,137.0
30.0,8.0,2024,0,5,34.21,127.86,51.89,38.86,0.82,31.49,107.0
23.0,9.0,2022,0,5,16.23,31.51,7.62,9.59,0.47,18.43,31.0
21.0,4.0,2021,0,3,56.54,128.35,31.87,4.41,1.2,44.01,132.0
30.0,11.0,2021,0,2,184.6,247.68,10.92,10.06,1.37,56.62,327.0
3.0,6.0,2021,0,4,75.96,144.07,39.25,5.17,0.85,66.52,118.0
22.0,3.0,2024,0,5,81.8,193.7,33.85,22.84,0.87,50.3,147.0
23.0,7.0,2023,1,7,36.79,80.63,27.25,16.63,0.46,30.16,79.0
4.0,12.0,2021,0,6,207.73,269.59,11.35,5.98,2.78,36.75,380.0
5.0,10.0,2024,0,6,31.53,135.43,44.8,41.82,0.44,31.67,123.0
12.0,10.0,2021,0,2,79.44,199.22,44.2,7.93,1.48,38.5,181.0
25.0,9.0,2024,0,3,56.54,208.24,42.72,39.75,0.65,20.95,190.0
30.0,1.0,2023,0,1,44.16,115.07,8.34,7.91,1.14,11.57,110.0
23.0,12.0,2023,0,6,175.83,400.68,120.52,22.98,2.11,32.65,363.0
18.0,8.0,2024,1,7,0.05,63.19,44.26,34.67,0.58,26.63,67.0
19.0,11.0,2024,0,2,169.27,571.91,33.1,53.67,0.86,28.31,453.0
21.0,3.0,2023,0,2,33.36,98.53,17.16,10.09,0.45,58.29,98.0
28.0,12.0,2024,0,6,33.83,150.77,33.31,66.14,0.79,35.19,113.0
10.0,2.0,2023,0,5,64.03,222.58,22.14,13.32,1.34,17.96,159.0
30.0,5.0,2021,1,7,28.44,138.19,32.34,5.37,0.53,53.79,102.0
10.0,7.0,2022,1,7,40.21,67.27,19.08,23.81,0.38,34.17,66.0
14.0,2.0,2022,0,1,138.33,262.43,29.0,6.63,1.32,23.8,258.0
19.0,12.0,2021,1,7,159.71,267.73,15.01,2.4,1.04,16.73,301.0
25.0,1.0,2021,0,1,186.34,311.67,17.33,6.28,1.25,25.82,345.0
2.0,3.0,2023,0,4,50.16,194.52,17.22,9.55,0.7,38.57,175.0
1.0,2.0,2022,0,2,200.2,245.48,7.96,11.07,1.48,20.03,376.0
7.0,4.0,2023,1,5,40.63,134.36,17.02,45.65,0.54,65.9,112.0
20.0,4.0,2023,0,4,47.01,146.07,20.76,47.62,0.63,42.48,151.0
20.0,4.0,2021,0,2,70.73,204.81,45.32,17.39,1.3,58.95,178.0
8.0,1.0,2021,0,5,140.05,184.29,102.61,10.34,0.79,43.06,248.0
9.0,11.0,2021,0,2,300.38,466.43,21.57,8.43,1.93,13.94,431.0
2.0,4.0,2021,1,5,85.17,218.59,58.47,31.37,1.23,45.1,197.0
26.0,2.0,2023,1,7,76.03,278.03,26.81,13.05,1.35,21.95,236.0
4.0,4.0,2021,1,7,94.37,250.37,78.08,28.72,1.66,35.48,198.0
2.0,4.0,2022,0,6,109.14,288.12,11.47,22.11,0.83,42.17,243.0
2.0,12.0,2023,0,6,81.04,277.04,49.1,19.67,1.24,7.85,273.0
2.0,6.0,2023,0,5,29.68,83.31,18.62,8.55,0.8,34.12,84.0
28.0,12.0,2023,0,4,90.16,266.07,32.1,21.99,1.07,28.37,261.0
1.0,7.0,2024,0,1,55.0,85.25,49.12,35.33,0.82,30.33,85.0
17.0,2.0,2021,0,3,214.19,333.83,102.23,4.54,1.86,23.61,367.0
19.0,12.0,2022,0,1,119.53,422.23,48.02,6.02,1.83,54.2,354.0
28.0,3.0,2021,1,7,181.38,336.8,15.77,19.59,0.85,29.59,268.0
1.0,8.0,2023,0,2,28.74,96.92,50.23,15.36,0.38,30.67,88.0
16.0,4.0,2021,0,5,132.11,323.16,71.69,19.4,1.69,43.17,232.0
20.0,7.0,2021,0,2,40.13,64.37,7.66,2.88,0.56,14.86,77.0
2.0,7.0,2023,1,7,30.41,63.61,10.87,6.38,0.55,51.87,43.0
28.0,4.0,2022,0,4,233.44,332.7,56.12,38.75,1.49,75.73,387.0
1.0,11.0,2024,0,5,126.23,336.84,29.76,43.65,0.83,32.24,275.0
7.0,6.0,2024,0,5,79.87,283.4,27.39,33.96,0.72,73.87,214.0
27.0,12.0,2022,0,2,69.44,254.83,34.94,6.17,1.5,38.39,249.0
2.0,1.0,2024,0,2,76.61,290.95,26.95,22.19,0.64,20.15,259.0
2.0,6.0,2022,0,4,104.49,251.95,38.95,8.54,0.48,42.6,229.0
21.0,6.0,2022,0,2,52.93,110.84,12.48,12.26,0.84,38.12,120.0
1.0,4.0,2021,0,4,62.95,278.87,40.55,28.06,0.88,62.68,231.0
5.0,12.0,2024,0,4,49.4,193.15,45.35,58.44,0.77,40.96,155.0
13.0,12.0,2021,0,1,310.74,508.8,29.58,3.52,2.34,15.02,397.0
17.0,5.0,2021,0,1,99.12,211.16,77.57,6.99,1.5,19.69,203.0
3.0,6.0,2023,0,6,39.18,127.29,21.02,8.05,0.93,31.07,100.0
23.0,6.0,2023,0,5,46.09,135.16,12.48,15.29,0.57,24.79,114.0
23.0,1.0,2021,0,6,170.36,213.65,143.41,4.06,0.75,34.18,362.0
10.0,11.0,2022,0,4,91.48,378.56,47.81,9.09,1.96,36.72,315.0
28.0,10.0,2022,0,5,270.56,419.52,43.54,14.2,2.16,25.35,392.0
16.0,5.0,2021,1,7,69.96,131.21,51.09,6.72,0.91,50.72,177.0
27.0,3.0,2023,0,1,40.53,140.52,20.78,40.18,0.69,97.65,186.0
29.0,5.0,2024,0,3,103.57,231.0,28.57,31.59,0.66,32.63,229.0
7.0,11.0,2022,0,1,233.5,434.82,23.61,2.35,1.65,23.87,368.0
6.0,12.0,2022,0,2,120.08,330.43,43.04,4.02,0.96,31.53,316.0
18.0,3.0,2024,0,1,88.8,246.58,28.33,22.4,0.75,34.18,217.0
13.0,11.0,2024,0,3,138.22,428.21,30.1,64.18,1.06,23.7,369.0
19.0,5.0,2021,0,3,38.92,42.26,29.65,5.05,0.48,41.58,72.0
21.0,6.0,2024,0,5,75.64,182.23,52.63,33.03,1.11,52.8,163.0
10.0,11.0,2023,0,5,62.15,188.34,34.14,23.7,1.14,8.24,270.0
31.0,7.0,2021,0,6,37.02,80.5,20.07,6.39,0.81,28.98,55.0
16.0,12.0,2024,0,1,161.17,563.32,72.29,60.66,2.22,29.15,390.0
25.0,9.0,2023,0,1,41.91,129.0,28.2,19.36,0.76,71.91,103.0
30.0,1.0,2024,0,2,77.87,287.31,28.29,20.94,1.16,26.72,295.0
16.0,8.0,2021,0,1,40.98,134.95,20.99,7.28,0.48,57.5,115.0
17.0,2.0,2024,0,6,65.88,265.95,42.98,23.5,0.7,30.16,220.0
17.0,11.0,2021,0,3,240.34,287.99,11.22,8.23,2.41,34.0,390.0
27.0,8.0,2022,0,6,33.02,94.33,15.09,25.82,0.36,51.27,92.0
25.0,2.0,2023,0,6,69.24,258.06,20.77,11.49,1.06,23.53,212.0
12.0,2.0,2021,0,5,240.74,352.71,109.33,3.8,1.96,30.18,310.0
20.0,12.0,2023,0,3,119.99,308.74,78.74,21.0,1.28,32.81,238.0
11.0,12.0,2023,0,1,89.85,332.01,66.1,20.25,1.06,30.63,280.0
4.0,5.0,2023,0,4,66.77,134.46,14.95,13.4,0.83,60.49,217.0
22.0,11.0,2022,0,2,62.41,245.34,57.42,9.96,0.8,14.4,203.0
1.0,5.0,2023,0,1,26.0,70.05,17.65,12.49,0.59,37.36,84.0
16.0,9.0,2024,1,1,32.06,135.17,42.69,39.29,0.48,22.25,110.0
26.0,11.0,2022,0,6,77.94,360.48,66.49,11.4,1.12,17.97,296.0
7.0,10.0,2022,0,5,11.91,29.62,6.3,10.34,0.39,5.7,35.0
2.0,1.0,2021,0,6,404.04,561.95,52.85,5.18,2.6,16.43,482.0
10.0,3.0,2023,0,5,64.79,242.72,15.71,10.78,0.92,45.41,190.0
7.0,12.0,2023,0,4,92.19,364.13,52.06,20.14,1.59,27.74,302.0
3.0,3.0,2023,0,5,39.39,145.22,11.32,8.96,0.46,43.52,137.0
6.0,8.0,2022,0,6,37.25,88.15,6.57,26.54,0.7,54.73,88.0
23.0,11.0,2024,0,6,127.97,454.23,51.62,55.13,2.07,30.12,394.0
21.0,3.0,2022,0,1,146.2,257.8,28.46,13.77,1.4,4.89,244.0
13.0,2.0,2022,1,7,128.11,234.49,23.96,7.23,1.22,24.86,261.0
1.0,1.0,2024,0,1,71.18,288.33,24.09,21.92,0.74,19.3,244.0
23.0,9.0,2021,0,4,33.85,68.68,32.63,8.31,0.34,10.3,61.0
5.0,12.0,2022,0,1,186.49,400.31,46.1,5.88,1.27,34.63,324.0
27.0,5.0,2023,0,6,23.45,59.37,27.6,7.1,0.94,44.46,48.0
21.0,4.0,2024,1,7,51.68,136.82,4.82,28.32,0.49,104.63,131.0
15.0,9.0,2022,0,4,19.67,23.61,4.82,6.81,0.33,57.35,62.0
11.0,10.0,2021,0,1,79.17,207.03,46.88,8.22,1.78,36.23,168.0
19.0,10.0,2022,0,3,42.35,310.08,5.64,12.1,2.97,14.83,74.0
30.0,11.0,2023,0,4,126.58,418.63,48.89,22.55,1.9,8.63,372.0
20.0,8.0,2023,1,7,34.33,79.69,37.0,19.75,0.6,19.63,90.0
5.0,2.0,2024,0,1,37.31,142.31,22.29,21.72,0.49,26.81,136.0
28.0,5.0,2022,0,6,81.46,210.55,37.16,20.91,1.27,17.39,178.0
30.0,4.0,2021,0,5,187.38,445.59,11.65,23.63,0.77,35.28,346.0
16.0,9.0,2021,0,4,41.28,75.33,39.2,3.85,1.22,22.11,95.0
1.0,12.0,2023,0,5,96.97,337.64,41.15,19.67,1.23,8.98,271.0
3.0,8.0,2021,0,2,33.9,53.49,23.08,13.88,0.54,13.18,54.0
16.0,5.0,2022,1,1,128.94,324.32,2.59,16.86,0.76,35.91,265.0
19.0,7.0,2022,0,2,41.44,124.01,18.95,23.48,0.74,76.73,124.0
11.0,12.0,2024,0,3,56.3,223.56,41.92,59.27,0.87,26.55,171.0
10.0,6.0,2022,0,5,103.64,341.46,12.01,7.56,0.66,41.17,293.0
2.0,6.0,2021,0,3,61.13,124.94,39.91,5.03,0.77,28.9,132.0
15.0,12.0,2021,0,3,220.34,383.87,20.51,3.95,1.3,16.78,381.0
6.0,7.0,2024,0,6,14.74,123.29,46.63,35.41,0.78,30.36,64.0
24.0,11.0,2021,0,3,278.41,370.8,14.12,9.13,3.88,40.12,398.0
24.0,2.0,2021,0,3,243.42,420.65,111.14,6.47,2.78,27.42,350.0
22.0,7.0,2023,0,6,42.61,98.1,29.04,16.83,0.55,29.92,108.0
21.0,1.0,2024,1,7,72.57,257.14,30.47,21.56,0.96,27.35,271.0
21.0,1.0,2023,0,6,217.29,342.69,19.29,6.89,1.5,10.49,305.0
31.0,3.0,2023,0,5,45.4,46.32,22.18,25.44,0.61,72.83,97.0
15.0,9.0,2021,0,3,35.11,79.59,40.22,3.59,0.89,26.56,71.0
15.0,6.0,2021,0,2,36.99,119.58,65.44,9.02,0.51,29.73,97.0
3.0,9.0,2024,0,2,24.91,94.23,42.87,45.7,0.6,17.86,98.0
9.0,11.0,2024,0,6,120.56,388.44,46.41,63.04,1.19,32.24,319.0
5.0,2.0,2021,0,5,68.49,116.65,113.61,3.82,0.72,30.54,142.0
2.0,1.0,2023,0,1,202.79,297.92,11.52,3.08,1.17,48.45,327.0
1.0,4.0,2022,0,5,99.98,245.53,37.06,10.11,0.44,47.41,214.0
26.0,1.0,2021,1,2,207.46,344.53,21.93,9.03,1.34,26.24,369.0
2.0,7.0,2021,0,5,64.92,291.96,35.87,7.4,0.62,31.75,280.0
3.0,12.0,2023,1,7,85.65,318.97,41.45,19.87,1.39,4.83,257.0
14.0,1.0,2023,0,6,146.21,237.45,6.72,4.05,0.65,19.31,337.0
15.0,2.0,2023,0,3,55.56,194.39,14.0,8.79,0.8,22.91,161.0
23.0,8.0,2023,0,3,25.07,65.15,32.9,19.35,0.68,18.36,65.0
23.0,11.0,2023,0,4,131.55,467.33,212.77,23.67,2.09,10.71,378.0
9.0,10.0,2022,1,7,9.39,13.07,3.09,10.57,0.27,93.33,100.0
28.0,3.0,2024,0,4,70.45,157.24,19.36,23.82,0.59,51.82,138.0
19.0,3.0,2021,0,5,114.38,311.33,42.18,4.77,0.76,27.42,298.0
2.0,4.0,2024,0,2,74.54,181.94,9.52,25.85,0.65,42.76,145.0
7.0,3.0,2023,0,2,47.4,181.31,15.67,9.98,0.73,43.35,159.0
23.0,5.0,2021,1,7,157.53,474.62,35.79,5.42,0.41,44.67,297.0
14.0,7.0,2024,1,7,33.96,108.45,49.54,36.35,1.01,40.7,97.0
11.0,5.0,2023,0,4,107.38,316.22,56.76,34.72,1.97,54.94,221.0
24.0,3.0,2022,0,4,115.45,314.89,16.62,13.65,1.82,5.84,272.0
21.0,5.0,2023,1,7,71.94,263.68,27.99,18.7,1.73,9.38,233.0
17.0,3.0,2024,1,7,81.21,218.49,27.77,22.2,0.69,34.98,179.0
24.0,4.0,2024,0,3,106.91,194.36,7.55,28.96,0.9,86.02,214.0
4.0,9.0,2024,0,3,13.79,48.6,43.45,51.25,0.61,16.85,66.0
8.0,7.0,2023,0,6,27.75,50.73,6.2,3.07,0.56,35.01,62.0
31.0,3.0,2024,1,7,81.63,198.64,7.14,26.14,0.93,58.41,222.0
27.0,1.0,2022,0,4,124.59,164.06,9.58,8.3,1.57,29.45,279.0
1.0,10.0,2021,0,5,56.87,137.83,38.56,9.12,1.24,14.74,108.0
5.0,2.0,2022,0,6,106.6,214.4,22.33,11.45,0.81,25.75,196.0
25.0,5.0,2021,0,2,51.73,124.95,42.21,6.34,0.36,65.92,122.0
20.0,9.0,2023,0,3,29.74,97.33,30.28,19.12,0.75,56.04,83.0
17.0,1.0,2021,1,7,222.01,249.23,136.15,9.56,1.4,36.8,342.0
25.0,11.0,2024,0,1,132.24,459.87,36.21,57.61,1.45,34.92,365.0
28.0,1.0,2021,0,4,294.71,496.55,40.31,9.89,1.9,26.13,373.0
5.0,6.0,2024,0,3,174.68,385.98,26.75,33.55,0.84,61.52,287.0
3.0,9.0,2022,0,6,36.98,103.85,8.72,5.73,0.43,47.55,106.0
1.0,2.0,2021,0,1,285.13,398.91,117.62,4.76,2.09,30.4,400.0
30.0,10.0,2022,1,7,257.61,434.04,39.68,14.2,2.27,23.16,381.0
16.0,7.0,2022,0,6,33.54,56.96,19.12,23.66,0.46,77.79,87.0
24.0,2.0,2023,0,5,53.33,199.38,15.74,8.51,0.88,24.37,157.0
30.0,7.0,2023,1,7,26.99,66.07,23.48,15.51,0.4,30.63,60.0
3.0,3.0,2021,0,3,131.63,264.11,36.28,10.91,1.0,37.3,259.0
17.0,4.0,2022,1,7,130.14,251.29,11.44,10.19,0.94,44.14,272.0
24.0,12.0,2021,0,5,414.69,671.99,33.35,4.28,2.7,12.8,473.0
9.0,12.0,2023,0,6,96.81,304.2,59.08,19.89,1.02,29.61,275.0
8.0,6.0,2024,0,6,63.06,240.76,27.02,35.63,0.77,75.39,232.0
17.0,4.0,2024,1,3,111.72,724.37,7.82,28.44,0.49,77.58,367.0
22.0,3.0,2023,0,3,40.24,153.93,17.03,10.33,0.72,41.36,122.0
28.0,1.0,2022,0,5,107.08,159.79,9.54,8.01,1.35,32.61,224.0
26.0,2.0,2024,0,1,53.72,208.96,43.78,25.87,0.5,30.47,161.0
3.0,10.0,2023,0,2,80.25,190.5,28.04,19.25,0.67,59.41,157.0
22.0,4.0,2023,1,6,35.33,150.97,12.71,46.52,0.48,104.03,143.0
15.0,6.0,2024,0,6,75.45,209.51,20.72,34.55,0.71,66.45,225.0
19.0,10.0,2021,1,2,48.43,81.37,27.97,7.93,0.81,35.42,49.0
20.0,11.0,2022,1,7,87.25,317.33,62.95,8.83,1.08,12.19,278.0
15.0,4.0,2022,1,5,82.38,177.24,8.2,5.59,0.55,39.99,190.0
26.0,1.0,2022,1,3,133.37,179.09,9.59,8.6,1.77,23.4,292.0
2.0,8.0,2022,0,2,36.22,385.15,9.02,26.32,0.45,53.86,216.0
24.0,10.0,2022,1,1,162.04,234.5,22.81,14.04,0.82,38.15,307.0
21.0,9.0,2021,0,2,33.1,70.33,8.45,1.93,1.02,13.28,89.0
11.0,10.0,2024,0,5,37.67,165.87,35.55,39.34,0.4,31.9,151.0
3.0,10.0,2022,0,1,25.56,114.08,9.11,10.01,0.44,13.73,107.0
27.0,5.0,2021,0,4,66.99,154.61,64.92,5.8,1.12,41.62,140.0
23.0,5.0,2024,1,4,75.15,154.37,31.13,30.25,1.08,28.01,158.0
8.0,9.0,2021,0,3,36.32,73.63,26.7,8.7,0.66,39.22,61.0
15.0,4.0,2021,0,4,97.54,286.71,60.28,22.82,1.58,42.53,235.0
13.0,10.0,2021,0,3,75.56,181.8,31.41,7.78,0.96,57.19,146.0
21.0,11.0,2022,0,1,74.62,271.87,56.62,9.34,0.9,12.89,246.0
21.0,8.0,2023,0,1,30.02,86.38,34.8,19.86,0.58,19.26,77.0
6.0,4.0,2023,0,4,46.4,131.03,20.26,44.46,0.45,64.31,126.0
6.0,10.0,2024,1,7,35.06,141.96,46.27,41.56,0.42,32.54,136.0
18.0,5.0,2023,0,4,41.0,116.13,14.55,19.14,0.8,100.25,251.0
11.0,7.0,2024,0,4,34.43,120.46,50.73,36.0,1.09,31.76,108.0
14.0,1.0,2021,0,4,345.82,417.42,142.59,8.49,1.75,32.11,422.0
4.0,6.0,2022,0,6,106.85,264.14,37.23,15.24,0.79,55.16,255.0
3.0,4.0,2022,1,7,92.99,257.79,11.74,28.66,1.16,49.96,234.0
20.0,5.0,2024,0,1,158.03,366.53,30.4,33.13,0.54,36.09,279.0
27.0,4.0,2021,0,2,206.86,365.74,77.02,23.55,2.75,51.18,295.0
29.0,3.0,2022,0,2,138.58,350.07,10.27,19.08,1.69,6.08,287.0
22.0,3.0,2022,0,2,75.06,188.92,18.07,8.63,0.73,7.08,169.0
4.0,8.0,2023,0,5,29.34,87.98,26.31,19.08,0.37,27.78,96.0
31.0,1.0,2023,0,2,37.09,108.88,3.51,5.83,0.83,10.87,127.0
22.0,8.0,2023,0,2,29.66,85.73,26.72,20.11,0.57,19.26,86.0
24.0,6.0,2021,0,4,56.41,152.56,42.0,8.26,0.84,55.86,129.0
8.0,12.0,2021,0,3,135.38,243.35,22.68,3.51,1.05,16.77,266.0
12.0,4.0,2023,0,3,55.92,247.67,30.33,76.4,0.87,58.77,224.0
6.0,9.0,2023,0,3,35.52,115.27,44.79,19.12,0.7,54.67,112.0
12.0,3.0,2024,0,2,72.79,187.56,28.53,21.92,0.7,39.58,170.0
13.0,4.0,2022,0,3,174.31,390.53,9.89,11.29,1.57,11.37,323.0
18.0,7.0,2024,0,4,23.33,84.65,48.2,36.61,1.0,40.69,71.0
9.0,2.0,2021,0,2,226.95,332.06,149.74,4.89,1.89,27.91,385.0
30.0,5.0,2024,0,4,81.19,244.07,31.15,30.6,0.61,42.61,150.0
28.0,1.0,2023,0,6,86.36,211.73,8.74,7.04,0.87,14.72,157.0
2.0,2.0,2024,0,5,44.56,160.64,19.75,21.54,0.91,26.78,131.0
13.0,3.0,2023,0,1,61.01,284.61,16.59,19.71,1.0,48.47,232.0
12.0,4.0,2024,0,5,117.36,307.13,14.29,29.8,1.23,46.89,230.0
26.0,3.0,2023,1,7,42.63,167.52,24.96,37.87,0.71,97.89,154.0
20.0,9.0,2022,0,2,55.26,111.58,8.44,1.96,1.05,13.1,131.0
8.0,9.0,2023,0,5,21.6,66.25,30.29,19.27,0.59,44.78,76.0
8.0,11.0,2022,1,2,269.14,427.73,14.73,1.37,1.28,15.29,403.0
22.0,2.0,2021,0,1,206.34,334.88,107.27,3.83,2.07,34.37,352.0
12.0,6.0,2024,0,3,84.83,242.7,86.53,40.23,1.02,80.15,207.0
14.0,4.0,2021,1,3,73.31,234.69,56.01,18.07,1.41,42.58,214.0
24.0,6.0,2023,0,6,50.58,140.16,15.46,15.37,0.73,23.16,143.0
14.0,12.0,2022,0,3,54.45,189.7,42.03,5.71,0.64,35.61,161.0
16.0,10.0,2024,0,3,64.87,275.31,46.13,44.82,0.77,28.4,227.0
21.0,7.0,2021,1,3,40.55,75.73,41.05,8.58,1.27,40.19,65.0
29.0,7.0,2022,0,5,27.48,43.14,5.64,27.14,0.36,46.41,47.0
17.0,5.0,2022,0,2,99.59,220.11,2.16,12.65,0.79,63.21,206.0
18.0,10.0,2023,0,3,33.47,100.45,71.6,21.29,0.44,5.47,106.0
15.0,10.0,2022,0,6,36.46,190.7,3.84,10.79,0.65,20.99,138.0
2.0,8.0,2023,0,3,26.34,90.1,31.07,15.18,0.36,30.51,94.0
19.0,6.0,2023,0,1,23.99,61.81,31.49,16.07,0.65,28.74,62.0
13.0,4.0,2023,0,4,77.25,287.26,37.92,93.69,1.06,48.9,248.0
21.0,9.0,2024,0,6,28.07,134.54,39.37,40.61,0.54,36.27,110.0
24.0,9.0,2021,0,5,31.2,45.57,28.98,8.13,0.41,11.16,55.0
23.0,1.0,2022,1,7,112.86,128.02,9.59,7.93,1.56,20.27,220.0
8.0,9.0,2024,1,7,20.18,79.75,41.14,54.43,0.62,23.83,68.0
19.0,12.0,2023,0,2,70.92,265.39,63.48,20.82,1.05,31.85,229.0
22.0,6.0,2022,0,3,71.71,156.6,7.64,12.35,0.68,58.39,138.0
26.0,10.0,2022,0,3,147.07,246.48,24.65,14.14,1.17,30.55,285.0
5.0,1.0,2024,0,5,64.61,267.06,19.8,22.36,0.85,19.28,246.0
3.0,5.0,2023,0,3,34.71,105.14,15.47,13.66,0.85,37.69,104.0
31.0,12.0,2024,0,2,80.42,318.96,40.37,64.98,0.84,39.93,209.0
16.0,12.0,2023,0,6,121.69,314.24,85.96,20.95,1.58,36.87,247.0
25.0,3.0,2021,0,4,83.85,208.21,8.58,8.25,0.53,19.28,194.0
28.0,3.0,2023,0,2,48.11,171.35,29.31,40.72,0.83,87.93,178.0
25.0,6.0,2023,1,7,20.11,39.07,9.69,15.3,0.44,27.24,67.0
22.0,6.0,2021,0,2,51.51,159.71,38.19,8.02,0.67,38.95,108.0
10.0,4.0,2023,0,1,60.24,224.22,34.8,73.65,0.99,57.63,176.0
28.0,2.0,2024,0,3,37.13,148.66,35.62,25.76,0.45,29.88,144.0
6.0,4.0,2024,0,6,76.92,199.97,12.01,26.39,0.65,52.36,167.0
1.0,8.0,2021,1,7,45.89,59.77,19.15,9.89,0.88,18.48,99.0
11.0,6.0,2021,0,5,50.98,134.62,52.56,7.44,0.64,48.9,127.0
27.0,10.0,2023,0,5,87.06,262.27,5.8,20.46,0.97,20.71,165.0
13.0,1.0,2023,0,5,225.92,340.05,16.07,5.8,1.68,11.22,388.0
14.0,8.0,2023,0,1,32.64,115.39,34.87,19.79,0.46,32.34,112.0
16.0,6.0,2023,0,5,45.95,145.41,33.15,7.61,0.71,28.75,121.0
29.0,1.0,2023,1,7,108.45,274.83,18.08,6.67,1.83,2.7,255.0
13.0,8.0,2021,0,5,41.29,167.99,22.04,7.46,0.47,66.02,139.0
10.0,12.0,2024,0,2,60.03,208.64,39.02,59.19,0.79,37.99,163.0
24.0,4.0,2021,0,6,57.98,117.01,41.59,6.82,1.29,56.1,96.0
10.0,7.0,2021,0,6,31.78,72.43,32.48,7.86,0.71,16.44,82.0
2.0,11.0,2024,0,6,106.27,304.82,42.6,43.85,0.9,32.29,258.0
14.0,6.0,2021,0,1,44.43,100.54,66.48,8.66,0.71,34.16,88.0
18.0,6.0,2024,0,2,119.43,341.42,20.47,37.67,0.83,50.85,201.0
1.0,2.0,2023,0,3,39.98,128.57,5.42,6.4,0.69,14.93,101.0
14.0,9.0,2024,0,6,18.02,69.43,13.07,38.49,0.36,23.89,50.0
18.0,8.0,2022,0,4,24.52,57.02,37.41,26.67,0.41,44.36,48.0
7.0,5.0,2021,0,5,52.47,100.82,42.37,4.33,0.59,42.39,110.0
26.0,11.0,2021,0,5,277.22,337.28,12.56,9.3,3.07,36.52,414.0
24.0,8.0,2023,0,4,32.52,109.25,25.51,18.58,0.49,41.26,87.0
1.0,5.0,2021,0,6,75.01,238.18,46.08,10.7,1.34,69.86,214.0
31.0,8.0,2024,0,6,20.83,72.92,42.14,39.56,0.56,25.27,82.0
4.0,10.0,2021,0,1,37.73,105.88,20.43,8.79,0.61,15.15,94.0
4.0,6.0,2024,0,2,100.2,321.78,29.47,33.24,1.09,76.55,214.0
9.0,5.0,2024,0,4,86.88,180.25,14.5,29.87,0.82,95.45,180.0
5.0,4.0,2023,0,3,40.38,132.11,22.64,45.71,0.59,51.61,106.0
2.0,11.0,2021,0,2,137.05,237.8,76.1,6.4,2.58,34.32,295.0
21.0,1.0,2022,0,5,333.91,419.02,9.76,10.27,3.9,28.03,434.0
25.0,8.0,2021,0,3,45.47,141.03,32.64,7.61,0.65,44.65,108.0
27.0,2.0,2023,0,1,78.51,248.99,21.14,11.85,1.13,23.78,220.0
3.0,5.0,2024,0,5,127.5,448.43,27.06,33.22,0.95,91.32,301.0
21.0,6.0,2023,0,3,35.0,103.61,12.09,15.18,0.48,29.35,79.0
8.0,3.0,2022,0,2,145.6,237.18,43.36,5.95,0.99,12.66,282.0
1.0,9.0,2021,0,3,31.18,28.48,23.23,7.11,0.53,33.35,53.0
24.0,7.0,2022,1,7,26.14,49.86,4.25,26.09,0.39,51.79,59.0
25.0,7.0,2024,0,4,25.12,75.27,45.17,37.6,0.61,55.5,90.0
9.0,8.0,2024,0,5,13.89,50.56,33.62,35.61,0.5,32.32,52.0
7.0,3.0,2022,0,1,129.2,234.23,50.76,6.57,1.16,20.06,254.0
5.0,11.0,2022,0,6,92.46,391.37,54.99,7.22,2.0,23.34,376.0
7.0,12.0,2021,0,2,113.25,213.0,16.47,2.71,0.93,15.91,255.0
21.0,12.0,2023,0,4,104.18,394.17,73.76,21.04,1.49,32.16,327.0
19.0,9.0,2022,0,1,41.78,170.47,11.51,7.21,1.08,34.21,140.0
25.0,9.0,2022,1,7,14.36,32.02,5.46,9.62,0.42,24.61,24.0
15.0,6.0,2022,0,3,61.31,150.81,4.11,3.09,0.54,43.6,157.0
25.0,4.0,2023,0,2,40.55,169.15,25.81,48.7,0.82,91.36,198.0
9.0,7.0,2023,1,7,25.67,39.88,5.63,1.21,0.6,31.71,44.0
8.0,7.0,2024,0,1,14.12,81.54,46.24,35.67,0.69,30.27,58.0
6.0,8.0,2024,0,2,15.28,49.9,34.9,37.35,0.48,35.45,50.0
23.0,12.0,2022,0,5,71.87,273.2,44.95,5.54,1.28,42.72,236.0
10.0,12.0,2022,0,6,103.38,354.67,47.36,6.37,1.49,37.31,343.0
18.0,11.0,2022,0,5,89.22,321.54,51.54,8.89,1.21,46.32,268.0
23.0,5.0,2022,0,1,32.25,110.82,4.58,4.08,0.85,35.73,151.0
15.0,8.0,2024,1,4,15.97,57.11,44.38,35.05,0.62,27.99,68.0
11.0,7.0,2022,0,1,60.93,88.99,18.97,23.95,0.78,56.99,98.0
11.0,2.0,2022,0,5,75.33,150.38,16.52,8.6,0.58,32.35,154.0
30.0,11.0,2024,0,6,118.79,427.27,60.7,57.76,1.96,34.05,351.0
13.0,5.0,2021,0,4,46.61,83.62,35.88,5.15,0.61,54.08,105.0
31.0,5.0,2022,0,2,117.28,355.73,39.38,12.47,1.76,34.59,218.0
21.0,4.0,2023,0,5,39.82,159.12,19.52,49.52,0.59,76.06,122.0
20.0,3.0,2022,1,7,96.02,199.8,62.7,9.71,1.01,4.29,241.0
11.0,1.0,2021,0,1,135.92,208.99,105.07,10.49,0.75,55.06,281.0
3.0,3.0,2024,1,7,42.75,177.31,26.01,26.18,0.34,28.86,126.0
4.0,3.0,2021,0,4,157.94,343.04,40.72,7.16,1.96,41.65,276.0
29.0,9.0,2024,1,7,21.07,76.13,34.51,41.16,0.37,18.7,66.0
17.0,12.0,2024,0,2,168.01,613.91,83.33,61.62,3.37,28.91,442.0
7.0,8.0,2022,1,7,60.79,90.78,8.42,26.59,0.89,47.05,127.0
11.0,5.0,2022,0,3,93.53,152.07,2.44,11.04,0.88,47.43,200.0
8.0,2.0,2022,0,2,178.34,297.03,26.78,11.34,1.37,28.58,312.0
21.0,5.0,2022,0,6,117.78,344.59,37.17,38.98,1.04,31.82,280.0
14.0,2.0,2024,0,3,98.06,369.58,38.95,22.97,1.02,27.29,324.0
21.0,10.0,2022,0,5,71.07,261.79,28.0,13.85,1.37,20.51,246.0
22.0,12.0,2021,0,3,347.83,571.69,26.87,4.85,1.91,16.85,428.0
11.0,8.0,2021,0,3,53.16,164.97,44.66,8.15,0.48,15.95,146.0
18.0,6.0,2022,0,6,35.85,54.19,4.97,3.9,0.6,46.59,65.0
19.0,5.0,2022,0,4,142.69,263.31,3.84,48.0,1.01,43.31,265.0
2.0,1.0,2022,1,7,277.7,325.39,20.99,8.06,2.99,29.64,415.0
1.0,9.0,2023,0,5,43.0,157.52,25.79,18.87,0.43,37.99,140.0
27.0,7.0,2022,0,3,28.34,57.78,6.74,27.33,0.42,52.63,55.0
7.0,4.0,2022,0,4,222.39,401.14,13.51,102.27,1.14,35.23,347.0
12.0,6.0,2022,1,7,105.02,302.97,11.21,6.31,0.66,48.77,284.0
31.0,10.0,2021,1,7,142.65,245.63,56.07,5.8,1.64,40.01,293.0
27.0,3.0,2024,0,3,74.56,170.6,20.34,23.61,0.81,43.59,175.0
18.0,4.0,2022,0,1,153.78,295.27,12.63,20.03,1.47,13.23,280.0
8.0,10.0,2022,0,6,13.0,25.73,4.28,10.51,0.39,58.1,81.0
7.0,12.0,2022,0,3,80.29,245.29,40.42,3.83,0.7,30.53,224.0
16.0,8.0,2022,0,2,22.75,49.26,37.47,26.65,0.38,44.19,47.0
25.0,3.0,2022,0,5,92.25,230.52,9.85,9.43,0.96,8.29,208.0
17.0,11.0,2024,1,7,182.69,590.39,48.73,58.89,1.75,22.67,391.0
5.0,6.0,2022,1,7,84.94,288.22,36.51,20.08,0.79,41.25,244.0
6.0,2.0,2021,0,6,131.68,182.92,102.59,5.08,0.85,34.79,261.0
11.0,2.0,2023,0,6,85.2,298.69,17.53,13.3,1.34,22.29,278.0
16.0,11.0,2024,0,6,191.22,576.61,47.62,58.26,1.53,24.99,391.0
14.0,4.0,2023,1,5,85.21,302.34,41.73,81.19,1.15,40.19,272.0
16.0,1.0,2023,0,1,162.29,270.4,13.45,5.42,0.76,18.87,285.0
12.0,3.0,2022,0,6,83.12,178.02,31.83,8.14,0.59,11.86,181.0
25.0,11.0,2023,0,6,151.17,388.46,297.47,25.53,2.09,6.3,324.0
2.0,2.0,2022,0,3,137.15,189.65,7.76,9.79,0.31,30.13,327.0
24.0,10.0,2023,1,2,55.32,185.48,13.61,20.11,0.66,15.61,157.0
5.0,9.0,2023,0,2,33.91,105.78,22.64,19.07,0.49,63.02,103.0
22.0,9.0,2021,0,3,31.75,57.01,5.94,2.15,1.0,12.7,54.0
6.0,12.0,2024,0,5,55.49,222.89,50.54,58.59,0.96,43.59,184.0
11.0,7.0,2023,0,2,30.79,57.18,24.41,5.37,0.43,40.15,48.0
25.0,2.0,2021,0,4,193.5,352.73,89.82,4.2,2.07,27.52,337.0
21.0,1.0,2021,0,4,182.39,243.84,276.46,5.6,1.5,33.7,328.0
13.0,10.0,2022,0,4,21.96,101.32,3.01,10.77,0.54,16.31,97.0
5.0,12.0,2023,0,2,71.74,270.14,56.79,19.91,0.93,5.67,235.0
4.0,6.0,2023,1,7,56.64,191.71,23.07,7.57,1.06,33.35,152.0
3.0,7.0,2021,0,6,39.55,136.24,36.65,6.61,0.59,46.81,140.0
8.0,5.0,2021,0,6,99.07,257.6,56.43,4.48,0.88,37.87,167.0
15.0,10.0,2023,1,7,65.83,234.15,433.98,21.84,0.73,15.81,414.0
4.0,9.0,2023,0,1,43.92,158.08,25.05,18.96,0.43,44.72,143.0
30.0,5.0,2022,0,1,83.36,227.18,39.12,15.86,1.39,32.0,184.0
27.0,12.0,2023,0,3,97.47,365.02,27.66,21.87,1.76,28.12,296.0
9.0,6.0,2023,0,5,49.97,163.69,22.1,8.79,0.79,38.02,144.0
24.0,6.0,2022,0,5,102.07,214.06,11.38,11.85,0.59,68.63,210.0
19.0,8.0,2023,0,6,39.61,103.19,38.39,19.49,0.63,19.69,111.0
26.0,4.0,2022,0,2,89.17,206.28,51.9,50.22,0.8,81.84,226.0
16.0,6.0,2022,0,4,50.55,138.34,6.43,3.18,0.57,52.7,135.0
23.0,12.0,2021,0,4,408.83,679.54,37.89,6.68,2.52,16.67,468.0
5.0,10.0,2022,1,3,41.3,170.61,12.77,10.52,0.78,9.62,150.0
18.0,9.0,2022,1,7,36.82,116.51,8.56,7.26,0.8,54.97,92.0
13.0,6.0,2023,0,2,71.3,273.53,31.54,7.15,0.68,30.65,201.0
15.0,2.0,2022,0,2,130.54,273.39,48.96,7.67,1.62,21.22,246.0
21.0,6.0,2021,0,1,31.18,67.07,44.71,7.21,0.74,44.43,55.0
18.0,11.0,2023,0,6,83.67,294.93,184.45,25.38,1.68,8.6,255.0
10.0,2.0,2024,0,6,102.56,324.04,43.5,22.07,0.91,28.82,253.0
26.0,7.0,2024,0,5,29.09,86.08,34.46,37.42,0.65,36.08,66.0
11.0,5.0,2021,0,2,57.75,120.48,44.78,5.09,0.46,56.12,111.0
17.0,8.0,2022,0,3,24.92,30.53,37.82,26.64,0.42,44.73,48.0
8.0,6.0,2021,0,2,96.43,384.33,47.65,7.84,0.8,15.49,194.0
11.0,2.0,2021,0,4,201.81,317.99,105.41,4.6,1.72,24.75,370.0
24.0,7.0,2024,0,3,23.78,78.8,47.51,28.85,0.66,23.67,71.0
9.0,1.0,2024,0,2,52.82,212.74,20.55,22.8,0.69,19.65,254.0
11.0,8.0,2022,0,4,25.31,51.36,37.77,26.18,0.38,47.05,62.0
4.0,2.0,2024,1,7,54.29,199.46,29.1,21.64,0.92,26.69,209.0
2.0,10.0,2024,1,3,46.89,194.03,47.56,42.69,0.61,16.56,162.0
15.0,8.0,2023,1,2,31.18,83.38,35.54,19.56,0.58,31.71,94.0
21.0,4.0,2022,0,4,158.74,404.39,51.06,66.06,0.85,45.57,320.0
13.0,12.0,2023,0,3,124.13,402.41,55.55,20.8,1.62,29.85,369.0
14.0,5.0,2022,0,6,167.49,268.07,4.09,16.78,1.51,30.78,310.0
5.0,1.0,2022,0,3,291.78,319.14,21.62,8.01,3.02,26.9,389.0
10.0,12.0,2023,1,7,72.52,258.8,65.07,20.03,1.04,29.76,210.0
28.0,5.0,2021,0,5,36.43,85.77,37.42,4.95,0.74,61.64,95.0
8.0,8.0,2024,0,4,14.64,55.45,34.93,36.33,0.51,29.81,54.0
30.0,6.0,2024,1,7,58.0,149.27,49.06,35.04,1.0,31.46,186.0
10.0,6.0,2021,0,4,62.83,219.08,41.92,7.56,0.9,38.08,218.0
17.0,3.0,2023,0,5,50.83,198.58,21.89,16.68,0.75,47.0,158.0
6.0,9.0,2022,0,2,46.69,125.05,7.26,5.98,0.48,56.07,73.0
14.0,9.0,2022,0,3,24.1,44.55,4.3,6.72,0.35,53.57,64.0
5.0,4.0,2022,0,2,112.37,302.26,11.34,45.05,0.84,39.92,251.0
5.0,5.0,2022,0,4,122.14,400.61,4.82,27.5,0.92,43.68,365.0
26.0,2.0,2022,0,6,33.68,54.14,20.0,9.9,0.27,35.66,77.0
10.0,9.0,2022,0,6,44.0,86.54,7.21,6.23,0.57,60.76,96.0
20.0,8.0,2022,0,6,35.65,77.33,37.76,26.63,0.45,47.43,69.0
6.0,4.0,2022,0,3,143.22,369.49,12.62,73.29,1.05,37.86,289.0
20.0,1.0,2022,0,4,284.88,539.69,14.36,9.91,1.98,9.02,465.0
4.0,12.0,2024,0,3,45.29,182.91,41.34,58.87,0.74,42.53,166.0
10.0,10.0,2024,0,4,38.41,143.53,39.37,40.79,0.37,40.89,116.0
15.0,6.0,2023,0,4,45.3,153.82,29.78,7.04,0.61,33.3,163.0
7.0,7.0,2024,1,7,11.53,77.71,45.99,35.66,0.68,30.22,76.0
21.0,10.0,2024,0,1,80.43,297.37,38.56,47.46,0.85,23.24,239.0
23.0,10.0,2024,0,3,101.62,355.09,34.92,48.11,0.92,28.1,300.0
5.0,6.0,2021,0,6,47.42,139.41,49.1,6.32,0.66,39.25,104.0
27.0,8.0,2021,0,5,46.5,158.08,29.94,6.88,0.47,41.37,146.0
6.0,7.0,2022,0,3,42.9,104.18,22.61,22.07,0.45,30.51,100.0
25.0,6.0,2022,0,6,103.97,228.02,16.02,11.84,0.97,80.12,199.0
15.0,7.0,2022,0,5,29.55,72.71,19.03,23.78,0.38,84.39,92.0
3.0,7.0,2022,1,7,32.42,49.3,42.1,13.48,0.66,25.44,84.0
22.0,1.0,2024,0,1,108.32,372.63,40.42,21.67,0.92,28.16,240.0
9.0,8.0,2023,0,3,40.83,147.91,26.31,23.43,0.37,30.36,127.0
27.0,7.0,2024,0,6,26.31,95.5,33.88,36.42,0.67,29.93,110.0
29.0,5.0,2021,0,6,27.2,80.39,30.89,5.49,0.54,55.57,76.0
1.0,4.0,2023,0,6,35.46,123.23,33.22,32.93,1.01,72.04,279.0
22.0,1.0,2023,1,7,254.46,392.36,13.55,8.77,1.53,17.28,411.0
20.0,1.0,2023,0,5,81.13,159.68,9.12,9.95,0.7,18.33,196.0
27.0,5.0,2022,0,5,100.86,204.27,37.65,20.9,1.41,18.92,238.0
31.0,5.0,2023,0,3,29.05,69.88,18.33,9.76,0.85,26.81,81.0
9.0,1.0,2022,1,7,39.3,44.1,3.14,6.29,0.87,27.27,41.0
8.0,1.0,2023,1,7,232.78,869.48,9.26,5.16,1.52,50.96,500.0
23.0,4.0,2021,0,5,43.49,106.79,40.0,4.76,1.29,57.59,112.0
17.0,5.0,2023,0,3,82.12,337.5,25.86,29.18,1.06,49.67,363.0
19.0,2.0,2023,1,7,96.35,355.97,21.55,8.82,1.65,21.78,257.0
18.0,10.0,2021,0,1,27.65,22.37,24.42,7.84,0.51,27.19,32.0
9.0,12.0,2021,0,4,193.46,327.61,23.9,3.56,1.3,12.65,332.0
16.0,12.0,2022,0,5,89.82,330.13,48.74,6.21,1.21,39.3,206.0
21.0,7.0,2024,1,7,26.59,91.06,47.88,38.62,0.91,40.86,95.0
19.0,11.0,2023,1,7,85.16,282.69,202.31,25.54,1.86,10.34,241.0
20.0,4.0,2022,0,3,149.35,295.44,51.47,70.15,0.8,52.6,286.0
8.0,6.0,2022,0,3,102.8,384.86,36.17,13.97,0.45,47.0,341.0
29.0,6.0,2022,0,3,67.12,190.51,5.14,18.01,0.74,34.99,162.0
8.0,7.0,2021,0,4,53.3,238.31,31.66,9.54,0.33,25.64,196.0
31.0,1.0,2022,0,1,212.44,269.23,16.09,9.15,1.98,25.3,321.0
6.0,11.0,2023,0,1,136.4,501.76,70.39,19.69,2.6,14.8,399.0
8.0,12.0,2024,1,7,100.48,345.03,74.52,59.17,1.6,46.6,302.0
17.0,12.0,2023,1,7,90.06,345.78,75.39,20.91,1.43,27.95,179.0
2.0,9.0,2022,0,5,43.4,106.73,8.76,5.65,0.5,56.02,104.0
10.0,12.0,2021,0,5,175.67,303.5,22.32,2.73,1.01,13.83,324.0
3.0,2.0,2024,0,6,52.97,218.9,29.51,21.47,0.76,26.71,152.0
10.0,2.0,2022,0,4,91.43,159.66,17.28,10.28,1.01,30.11,189.0
1.0,9.0,2022,0,4,50.05,115.37,9.53,5.64,0.55,57.65,112.0
29.0,3.0,2024,1,5,98.41,227.94,10.69,25.27,0.96,27.97,189.0
5.0,11.0,2021,0,5,275.97,492.19,68.63,9.42,3.3,24.64,384.0
20.0,7.0,2022,0,3,42.94,66.84,8.02,25.01,0.49,61.01,86.0
14.0,10.0,2023,0,6,79.68,278.84,405.7,22.59,0.87,16.03,340.0
11.0,9.0,2024,0,3,18.22,59.87,44.96,60.11,0.61,21.98,66.0
12.0,10.0,2023,0,4,94.16,260.3,27.8,22.43,0.84,24.91,210.0
9.0,2.0,2023,0,4,70.49,246.89,21.41,11.38,1.11,14.31,216.0
19.0,8.0,2021,0,4,84.47,181.2,30.64,7.75,1.02,64.39,163.0
19.0,9.0,2023,0,2,18.45,58.76,31.49,18.98,0.59,40.67,48.0
24.0,7.0,2023,0,1,37.39,83.1,29.78,16.51,0.49,30.28,80.0
16.0,6.0,2024,1,7,78.72,214.94,20.82,36.78,0.83,64.98,186.0
12.0,5.0,2024,1,7,95.0,191.29,7.78,29.78,0.57,98.08,174.0
10.0,1.0,2024,0,3,73.62,286.79,22.23,22.86,0.7,20.4,168.0
4.0,8.0,2024,1,7,14.39,52.32,33.61,37.08,0.46,29.08,60.0
28.0,12.0,2022,0,3,69.87,261.53,34.82,7.22,1.22,42.97,236.0
19.0,5.0,2023,0,5,56.72,160.09,13.34,22.65,0.86,71.15,198.0
7.0,5.0,2023,1,7,50.26,211.98,19.32,19.63,0.78,50.99,192.0
8.0,4.0,2024,0,1,79.64,248.75,11.45,26.27,0.56,85.91,212.0
19.0,11.0,2022,0,6,83.18,309.66,61.58,8.72,1.28,24.3,263.0
30.0,12.0,2024,0,1,38.01,152.83,29.12,65.16,0.55,38.38,116.0
24.0,1.0,2024,0,3,105.87,405.6,39.12,22.06,1.16,27.03,383.0
8.0,5.0,2022,1,7,140.79,204.26,3.55,26.67,1.01,92.53,312.0
5.0,11.0,2024,0,2,181.54,457.6,90.45,61.32,1.53,52.02,337.0
3.0,11.0,2024,1,7,104.28,311.28,39.59,43.8,0.91,32.29,275.0
1.0,5.0,2022,1,7,166.64,272.39,47.73,10.37,1.32,14.59,226.0
14.0,10.0,2024,0,1,41.42,197.37,40.25,41.16,0.38,38.76,180.0
16.0,9.0,2022,0,5,23.69,14.98,6.97,6.94,0.45,51.53,54.0
31.0,10.0,2024,1,4,115.05,314.05,34.67,43.49,1.02,37.12,268.0
9.0,6.0,2024,1,7,60.8,163.39,27.16,36.19,0.78,87.82,146.0
29.0,7.0,2024,0,1,24.23,79.56,35.94,36.26,0.54,50.37,73.0
11.0,3.0,2022,0,5,89.92,164.82,28.16,5.61,0.55,12.94,177.0
4.0,5.0,2024,0,6,122.0,356.84,36.93,35.75,1.28,96.53,281.0
26.0,5.0,2023,1,5,28.98,55.16,24.39,17.12,0.83,52.05,85.0
6.0,3.0,2023,0,1,40.18,149.61,12.02,11.13,0.5,52.69,129.0
23.0,2.0,2021,0,2,201.0,367.24,102.69,6.75,1.98,29.32,339.0
19.0,1.0,2021,0,2,227.93,299.28,185.82,12.98,1.69,23.02,400.0
16.0,8.0,2024,0,5,15.37,45.43,44.28,36.21,0.5,27.77,55.0
27.0,4.0,2022,0,3,330.82,452.89,58.08,65.72,2.02,41.71,348.0
25.0,4.0,2024,0,4,88.55,248.08,6.56,31.63,0.79,101.9,204.0
26.0,9.0,2024,0,4,21.46,79.34,37.3,40.23,0.44,18.73,96.0
29.0,3.0,2021,1,1,111.31,356.5,66.61,7.14,1.56,37.62,215.0
28.0,6.0,2021,0,1,63.33,149.28,41.92,9.49,0.89,54.9,136.0
12.0,11.0,2021,0,5,387.18,451.81,101.76,7.96,4.02,23.8,489.0
5.0,7.0,2024,0,5,22.78,62.75,46.9,35.32,0.85,30.4,88.0
27.0,2.0,2024,0,2,37.0,135.02,39.12,25.75,0.45,29.74,150.0
17.0,1.0,2024,0,3,95.9,388.59,47.21,21.76,1.36,27.69,360.0
5.0,3.0,2023,1,7,35.15,127.75,10.0,10.49,0.41,52.29,128.0
29.0,10.0,2023,1,7,124.77,419.6,24.86,18.21,2.51,24.85,330.0
15.0,4.0,2024,0,1,91.4,208.54,9.69,28.3,0.95,91.84,240.0
4.0,3.0,2023,0,6,36.45,145.07,11.76,11.91,0.43,44.45,126.0
6.0,1.0,2024,0,6,78.21,319.32,20.7,22.47,0.8,19.64,220.0
12.0,1.0,2023,0,4,227.38,356.05,15.18,8.87,1.63,12.0,400.0
12.0,1.0,2024,0,5,81.41,304.72,28.91,20.95,1.02,27.3,264.0
5.0,9.0,2024,0,4,20.25,83.77,43.29,54.42,0.65,28.52,66.0
18.0,5.0,2022,0,3,128.52,227.35,2.51,14.74,0.93,58.41,296.0
18.0,8.0,2023,0,5,45.93,170.92,30.83,19.69,0.4,19.17,140.0
27.0,2.0,2021,0,6,81.79,268.51,36.22,3.64,1.16,33.52,225.0
15.0,3.0,2021,0,1,126.93,265.71,40.58,3.79,0.86,28.14,219.0
22.0,4.0,2024,0,1,41.15,113.59,4.74,28.1,0.51,98.62,106.0
30.0,11.0,2022,0,3,109.39,454.52,48.69,7.73,2.46,11.01,389.0
18.0,10.0,2024,0,5,94.63,358.14,67.09,48.03,1.3,27.77,320.0
27.0,5.0,2024,0,1,120.85,244.94,28.39,33.09,0.93,32.36,251.0
13.0,7.0,2021,0,2,29.09,44.2,33.56,7.46,0.56,21.52,59.0
8.0,7.0,2022,0,5,51.56,106.14,20.69,23.89,0.52,29.9,89.0
8.0,4.0,2021,0,4,72.39,179.66,54.12,9.76,1.4,50.08,152.0
22.0,9.0,2022,0,4,31.21,53.27,6.22,1.62,0.78,8.78,51.0
5.0,7.0,2022,0,2,94.56,136.46,21.96,18.32,0.83,24.06,133.0
8.0,6.0,2023,0,4,48.02,148.28,23.67,8.29,0.87,45.64,139.0
13.0,8.0,2023,1,7,34.1,116.78,22.18,19.76,0.34,32.62,119.0
10.0,5.0,2024,0,5,115.57,213.91,13.6,32.73,0.82,102.37,210.0
19.0,4.0,2021,0,1,99.27,260.87,54.65,9.73,1.51,38.11,212.0
27.0,11.0,2021,0,6,280.0,363.55,13.71,11.33,3.45,57.1,403.0
23.0,10.0,2023,0,1,78.33,217.91,26.18,20.11,0.85,15.02,193.0
3.0,11.0,2022,0,4,159.95,688.97,47.45,8.18,2.56,21.82,456.0
24.0,11.0,2022,0,4,60.97,282.52,60.95,11.43,1.06,16.63,215.0
9.0,10.0,2024,0,3,38.47,125.69,39.46,41.44,0.38,43.15,71.0
1.0,8.0,2024,0,4,10.9,44.1,33.52,36.84,0.56,46.13,55.0
13.0,9.0,2021,0,1,35.27,51.81,24.77,8.89,0.65,35.23,67.0
20.0,2.0,2021,0,6,127.6,208.49,84.16,4.04,1.9,21.84,293.0
30.0,12.0,2022,0,5,202.24,449.21,35.17,8.63,2.04,56.41,368.0
5.0,8.0,2021,0,4,48.55,86.49,24.25,12.05,0.54,21.78,93.0
2.0,2.0,2023,0,4,49.4,161.13,7.39,7.78,0.77,15.06,141.0
23.0,12.0,2024,0,1,136.27,506.57,63.35,62.14,2.27,30.7,418.0
10.0,8.0,2023,0,4,39.45,139.04,29.01,21.34,0.39,30.48,137.0
9.0,9.0,2023,0,6,8.96,22.01,9.82,19.04,0.36,34.3,36.0
19.0,3.0,2023,1,7,45.8,156.95,18.92,11.37,0.99,33.79,123.0
13.0,11.0,2022,1,7,89.41,304.97,44.77,10.1,1.23,49.52,249.0
11.0,9.0,2021,0,6,31.73,31.49,29.61,8.78,0.44,35.2,49.0
22.0,10.0,2022,0,6,142.46,245.64,29.58,14.18,0.9,27.44,262.0
6.0,2.0,2022,1,7,222.4,306.91,26.94,11.59,3.36,25.55,325.0
19.0,1.0,2022,0,3,168.08,344.99,7.29,3.22,1.51,13.58,337.0
28.0,11.0,2022,0,1,74.82,362.38,68.45,12.88,1.7,13.4,308.0
3.0,12.0,2021,0,5,213.08,265.58,10.55,5.37,1.75,35.18,370.0
19.0,9.0,2024,0,4,22.65,76.59,34.49,39.19,0.5,25.02,48.0
8.0,8.0,2023,0,2,36.64,138.73,26.09,16.3,0.33,30.08,124.0
10.0,11.0,2024,1,7,109.99,373.0,38.11,15.0,0.78,23.97,334.0
1.0,9.0,2024,1,7,19.86,70.78,41.2,39.01,0.55,28.19,68.0
7.0,7.0,2021,0,3,66.85,223.86,36.65,8.32,0.57,43.92,179.0
29.0,1.0,2021,0,5,301.61,396.57,118.81,4.94,2.28,21.55,440.0
16.0,3.0,2022,0,3,95.12,216.2,18.71,8.01,0.68,5.33,228.0
13.0,10.0,2023,0,5,117.87,342.32,186.28,23.87,1.05,35.52,283.0
30.0,3.0,2024,0,6,82.81,195.04,10.36,26.25,1.05,69.12,176.0
2.0,4.0,2023,1,7,37.09,147.89,31.07,33.64,1.09,43.04,136.0
4.0,10.0,2022,0,2,39.29,139.4,11.23,10.14,0.63,9.87,118.0
1.0,1.0,2023,1,7,139.04,207.88,10.73,2.98,0.99,41.19,281.0
1.0,6.0,2022,0,3,147.15,375.4,39.54,9.39,0.51,35.46,349.0
9.0,3.0,2023,0,4,37.3,114.49,10.38,9.79,0.43,54.65,104.0
12.0,2.0,2022,0,6,103.46,205.6,20.69,6.89,0.64,29.56,206.0
27.0,6.0,2022,0,1,66.11,126.56,4.66,11.89,0.72,41.55,118.0
16.0,11.0,2021,0,2,278.12,331.05,11.42,7.89,2.16,32.47,417.0
14.0,1.0,2022,0,5,161.15,216.8,11.81,13.68,2.01,23.39,300.0
18.0,5.0,2021,0,2,30.87,64.67,39.29,5.45,0.44,32.34,92.0
27.0,10.0,2022,0,4,221.08,344.75,32.38,14.16,1.96,23.32,376.0
12.0,5.0,2023,0,5,73.77,294.75,57.78,27.74,1.9,62.05,247.0
14.0,6.0,2024,0,5,119.33,292.07,20.66,34.18,0.67,65.9,191.0
13.0,3.0,2021,0,6,138.97,245.6,42.87,4.24,1.23,26.71,236.0
2.0,8.0,2024,0,5,20.71,69.78,34.2,36.97,0.63,42.62,72.0
18.0,9.0,2021,0,6,31.95,64.68,4.46,1.92,1.1,13.02,60.0
26.0,12.0,2022,0,1,109.62,483.0,37.02,6.67,2.0,55.89,240.0
26.0,7.0,2021,0,1,47.02,79.43,26.14,5.57,0.69,106.1,130.0
26.0,6.0,2021,0,6,46.95,158.6,48.7,10.45,0.84,26.44,138.0
17.0,6.0,2023,0,6,46.18,138.89,32.35,9.64,0.8,32.78,138.0
23.0,2.0,2022,0,3,110.08,197.08,40.61,7.18,1.03,35.14,184.0
13.0,12.0,2024,0,5,60.57,225.21,40.4,59.55,0.79,30.59,201.0
10.0,10.0,2021,1,7,77.59,186.18,44.57,7.74,1.39,37.77,181.0
5.0,7.0,2021,0,1,66.23,223.87,33.63,7.18,0.49,38.63,151.0
22.0,3.0,2021,0,1,85.87,328.0,13.09,8.61,0.73,18.14,283.0
26.0,12.0,2024,0,4,86.75,333.56,52.0,64.04,1.18,36.3,292.0
20.0,6.0,2023,0,2,43.29,115.21,28.66,15.52,0.74,28.51,112.0
12.0,1.0,2021,0,2,172.48,220.74,111.52,10.21,0.91,41.69,329.0
14.0,11.0,2021,1,7,222.71,287.86,13.21,8.04,2.34,26.54,359.0
17.0,7.0,2023,0,1,56.03,125.67,18.1,2.32,0.66,48.86,91.0
16.0,2.0,2023,0,4,90.02,316.72,18.8,8.0,1.29,21.45,217.0
6.0,6.0,2023,0,2,79.25,115.53,21.95,6.83,0.92,38.8,124.0
8.0,2.0,2021,0,1,243.78,369.18,108.35,4.32,1.73,30.28,375.0
1.0,10.0,2022,0,6,35.11,155.49,9.17,9.93,0.68,9.39,139.0
21.0,5.0,2021,0,5,41.1,79.41,48.59,5.34,0.6,52.13,59.0
2.0,7.0,2022,0,6,47.15,151.33,33.4,13.6,0.81,28.61,92.0
19.0,6.0,2022,1,7,62.71,100.85,6.37,7.44,0.63,32.19,130.0
7.0,2.0,2022,0,1,177.28,290.62,28.84,10.19,1.47,25.35,291.0
8.0,12.0,2023,0,5,132.68,328.85,60.73,20.15,1.23,31.92,308.0
3.0,2.0,2021,0,3,209.32,299.0,159.84,3.83,1.92,28.02,367.0
31.0,3.0,2022,0,4,98.54,284.67,177.31,15.96,0.92,65.05,254.0
10.0,10.0,2022,0,1,19.69,36.63,5.04,1.32,0.33,11.13,19.0
27.0,3.0,2021,0,6,166.83,307.27,13.77,23.44,0.85,27.62,268.0
10.0,6.0,2023,0,6,45.11,162.95,19.91,8.43,0.65,30.57,136.0
7.0,12.0,2024,0,6,61.06,251.34,57.16,59.2,1.17,28.76,206.0
16.0,4.0,2023,1,7,66.54,248.59,48.11,65.77,1.29,32.27,222.0
20.0,10.0,2022,0,4,64.6,356.38,12.65,13.51,1.53,24.4,101.0
12.0,6.0,2021,0,6,37.69,95.55,85.93,9.98,0.66,27.65,114.0
22.0,1.0,2021,0,5,310.98,358.0,181.5,4.4,2.29,26.88,412.0
25.0,7.0,2023,0,2,42.83,103.48,32.36,16.3,0.61,31.02,99.0
4.0,11.0,2024,0,1,138.9,393.53,47.7,45.95,1.02,51.05,326.0
1.0,8.0,2022,0,1,27.42,62.78,4.95,26.26,0.41,47.76,48.0
4.0,4.0,2023,1,2,36.17,114.95,20.85,36.36,0.57,50.29,113.0
30.0,9.0,2021,0,4,34.88,80.39,32.85,7.29,0.88,12.77,82.0
27.0,3.0,2022,1,7,93.61,240.58,11.29,11.18,0.96,15.75,201.0
24.0,12.0,2023,1,7,137.21,400.57,140.49,23.31,2.13,32.24,363.0
28.0,9.0,2023,1,4,46.77,149.57,28.55,19.19,0.69,62.33,130.0
3.0,10.0,2024,0,4,42.74,174.49,45.52,41.37,0.5,26.87,156.0
29.0,5.0,2023,0,1,35.89,98.5,23.58,10.2,0.99,35.94,98.0
7.0,11.0,2024,0,4,152.0,497.53,73.67,63.6,1.79,11.89,394.0
13.0,1.0,2022,0,4,156.23,217.25,14.17,12.11,1.92,33.83,322.0
19.0,1.0,2023,0,4,191.79,313.42,16.98,12.14,1.25,15.73,337.0
14.0,12.0,2021,0,2,254.02,448.07,25.21,3.05,1.85,14.04,408.0
2.0,5.0,2023,0,2,32.12,72.55,15.02,12.38,0.57,45.75,70.0
30.0,6.0,2021,0,3,87.86,415.77,44.54,7.87,0.56,21.44,215.0
12.0,11.0,2023,1,7,93.1,179.24,58.78,23.9,0.89,8.73,133.0
26.0,5.0,2024,1,7,91.93,198.16,29.25,34.03,0.54,30.34,184.0
5.0,5.0,2021,0,3,69.61,170.36,38.87,5.29,0.86,59.57,151.0
11.0,9.0,2023,0,1,17.77,49.07,25.09,19.18,0.53,42.76,42.0
18.0,10.0,2022,0,2,41.46,236.88,4.77,11.0,0.83,9.93,200.0
6.0,12.0,2023,0,3,80.77,316.54,54.92,20.06,1.19,17.01,239.0
14.0,11.0,2024,0,4,150.16,467.72,43.32,63.89,1.47,24.26,381.0
9.0,10.0,2023,0,1,58.12,215.52,28.23,19.87,1.03,63.36,170.0
15.0,1.0,2021,0,5,462.62,517.76,178.15,10.11,2.51,25.81,456.0
14.0,5.0,2023,1,7,71.19,272.4,48.18,28.33,1.6,73.43,254.0
23.0,7.0,2022,0,6,33.67,65.68,4.26,26.22,0.46,50.4,71.0
19.0,8.0,2024,0,1,0.05,52.55,43.72,35.36,0.56,24.83,58.0
24.0,5.0,2021,0,1,61.78,137.99,34.39,5.75,0.35,56.43,134.0
28.0,8.0,2023,0,1,48.52,192.15,20.18,18.74,0.38,47.51,150.0
23.0,5.0,2023,0,2,64.81,244.39,23.76,21.24,0.9,46.47,216.0
15.0,11.0,2023,1,3,125.53,436.19,113.81,23.84,1.52,7.94,347.0
1.0,10.0,2023,1,7,52.35,164.61,28.14,19.29,0.65,70.11,140.0
8.0,12.0,2022,0,4,82.64,269.16,42.1,5.65,0.87,35.3,209.0
10.0,1.0,2023,0,2,168.18,273.41,12.36,4.46,1.23,13.06,236.0
26.0,3.0,2024,0,2,68.2,149.41,20.65,23.19,0.61,39.49,108.0
10.0,2.0,2021,0,3,250.09,373.71,139.35,5.43,2.4,27.67,359.0
27.0,11.0,2023,1,1,118.5,420.91,92.95,24.74,1.78,11.44,402.0
3.0,5.0,2022,1,2,155.22,214.71,37.56,11.29,0.94,9.7,286.0
2.0,12.0,2022,0,5,215.42,378.66,50.2,4.4,2.1,26.9,386.0
28.0,7.0,2022,0,4,25.7,42.09,7.07,26.85,0.4,49.0,52.0
19.0,7.0,2023,0,3,40.82,90.39,13.99,4.04,0.54,29.94,81.0
25.0,2.0,2022,0,5,141.36,238.14,48.67,9.86,1.12,15.85,300.0
26.0,11.0,2023,1,7,149.01,484.72,195.27,25.48,2.35,10.32,300.0
8.0,10.0,2024,0,2,45.7,182.41,47.48,42.74,0.45,30.12,150.0
29.0,10.0,2022,0,6,271.03,403.53,39.14,14.23,1.83,21.41,424.0
23.0,1.0,2023,0,1,160.63,273.19,15.09,7.26,1.19,13.34,335.0
13.0,4.0,2021,0,2,119.0,314.03,74.66,26.81,1.78,39.16,279.0
24.0,7.0,2021,0,6,49.88,90.47,26.76,6.55,0.94,79.73,94.0
15.0,3.0,2023,0,3,61.51,254.11,23.62,17.3,1.02,47.93,197.0
14.0,4.0,2022,1,4,118.18,343.81,8.12,7.86,0.45,21.09,287.0
13.0,9.0,2023,0,3,34.61,113.58,50.84,20.14,0.94,65.99,84.0
12.0,2.0,2024,0,1,78.2,300.65,41.68,22.57,0.74,27.43,228.0
10.0,8.0,2021,0,2,46.72,149.79,29.09,7.71,0.58,14.54,101.0
8.0,3.0,2024,1,5,42.02,164.19,30.47,21.52,0.59,36.94,149.0
14.0,3.0,2024,0,4,72.07,192.86,28.96,22.29,0.73,40.57,170.0
29.0,12.0,2022,0,4,92.92,363.94,37.52,8.36,1.52,53.06,232.0
28.0,4.0,2023,0,5,44.65,176.63,31.18,43.46,0.99,66.13,128.0
6.0,8.0,2021,0,5,49.27,96.53,6.8,3.61,1.16,16.85,104.0
21.0,7.0,2023,0,5,56.25,141.47,38.29,17.18,0.76,38.59,125.0
28.0,9.0,2022,0,3,29.79,123.13,9.17,9.8,0.64,13.87,108.0
3.0,2.0,2023,0,5,73.57,258.27,11.25,10.0,1.07,15.39,187.0
17.0,10.0,2023,0,2,34.86,82.86,54.22,20.09,0.47,6.3,65.0
25.0,1.0,2024,0,4,80.42,278.84,31.23,21.27,1.0,26.88,242.0
15.0,7.0,2021,0,4,38.79,53.48,31.25,7.92,0.63,25.04,65.0
27.0,1.0,2023,0,5,60.43,151.75,5.85,6.42,0.68,19.37,143.0
9.0,6.0,2022,0,4,85.3,288.97,36.21,12.6,0.54,46.57,237.0
29.0,8.0,2023,0,2,45.46,170.27,20.71,18.73,0.4,26.73,150.0
26.0,4.0,2024,0,5,73.65,194.4,8.13,29.53,0.8,102.47,223.0
29.0,8.0,2024,0,4,17.9,53.32,48.45,37.65,0.69,29.83,56.0
20.0,7.0,2024,0,6,29.1,113.3,48.95,38.25,0.95,40.78,61.0
30.0,4.0,2023,1,7,29.51,108.49,24.61,13.49,0.59,65.07,130.0
11.0,10.0,2023,0,3,61.42,182.46,28.23,21.72,0.62,17.97,176.0
31.0,3.0,2021,0,3,67.01,293.43,40.76,16.02,0.49,58.43,152.0
16.0,7.0,2023,1,7,33.35,69.4,16.93,1.84,0.53,33.13,75.0
11.0,7.0,2021,1,7,38.91,88.44,29.15,7.62,0.67,23.58,79.0
1.0,1.0,2021,0,5,408.8,442.42,160.61,12.95,2.77,43.19,462.0
13.0,9.0,2024,0,5,9.05,28.3,17.28,36.61,0.36,24.35,45.0
18.0,7.0,2022,0,1,52.62,134.4,18.95,23.45,0.5,83.72,140.0
24.0,5.0,2022,0,2,44.38,97.45,6.22,3.87,1.09,36.44,73.0
12.0,12.0,2022,0,1,59.22,202.71,46.55,5.73,0.7,24.1,182.0
17.0,1.0,2022,0,1,169.34,338.88,13.31,2.53,1.34,10.23,338.0
1.0,3.0,2023,0,3,53.83,196.17,16.92,7.87,0.62,36.82,170.0
29.0,11.0,2022,0,2,106.72,540.39,69.57,11.69,2.69,9.69,360.0
25.0,8.0,2024,1,7,15.18,69.35,40.45,36.39,0.53,34.6,51.0
24.0,10.0,2021,1,7,85.65,173.32,10.92,3.71,0.82,32.16,187.0
2.0,10.0,2022,1,7,33.73,150.88,10.09,9.97,0.53,11.24,141.0
22.0,1.0,2022,0,6,146.49,170.95,9.65,9.0,1.93,19.13,365.0
4.0,8.0,2022,0,4,34.65,89.03,9.78,26.41,0.77,52.75,99.0
15.0,11.0,2021,0,1,224.86,283.28,12.06,7.76,2.16,26.84,374.0
3.0,12.0,2022,0,6,311.79,534.61,58.04,5.87,3.41,45.73,411.0
10.0,7.0,2024,0,3,62.21,178.49,54.44,35.96,1.76,30.56,140.0
27.0,8.0,2023,1,7,54.27,211.46,14.94,18.75,0.32,57.6,186.0
15.0,9.0,2023,0,5,22.74,63.34,25.52,20.06,0.62,53.99,76.0
17.0,6.0,2024,1,1,73.52,190.0,20.71,38.74,0.84,62.7,163.0
29.0,11.0,2023,0,3,87.44,302.04,53.13,24.76,1.6,8.17,197.0
12.0,9.0,2024,0,4,10.48,29.85,48.19,35.34,0.33,22.76,59.0
29.0,4.0,2022,0,5,267.08,391.34,54.89,41.51,1.34,63.83,413.0
16.0,11.0,2022,0,3,61.99,214.26,43.65,9.12,0.7,49.24,211.0
14.0,9.0,2023,0,4,33.82,101.62,47.74,20.25,0.88,64.67,104.0
10.0,9.0,2021,0,5,41.77,72.74,30.49,8.89,0.58,38.25,77.0
6.0,10.0,2021,0,3,45.09,92.96,28.48,9.52,0.69,20.95,85.0
22.0,2.0,2024,0,4,41.13,158.72,31.17,24.65,0.44,28.71,146.0
8.0,9.0,2022,0,4,71.15,154.82,8.77,6.08,0.7,70.41,222.0
4.0,10.0,2024,0,5,49.71,191.81,52.03,42.0,0.57,31.99,174.0
7.0,3.0,2024,0,4,39.2,161.43,30.67,21.29,0.63,33.31,143.0
20.0,10.0,2023,0,5,58.73,179.71,45.91,19.83,0.66,14.48,159.0
21.0,12.0,2022,0,3,81.9,296.64,41.85,5.38,1.11,41.98,214.0
9.0,10.0,2021,0,6,79.29,214.39,52.39,7.74,1.22,37.67,181.0
2.0,12.0,2024,0,1,77.27,291.8,53.33,59.72,1.33,39.1,220.0
2.0,12.0,2021,0,4,278.37,325.51,10.65,6.02,1.91,31.07,429.0
5.0,6.0,2023,0,1,48.77,171.74,21.17,7.14,1.0,35.29,148.0
20.0,2.0,2024,0,2,152.51,267.95,44.29,24.34,0.76,27.76,219.0
13.0,3.0,2022,1,7,106.78,208.46,34.5,8.05,0.8,8.36,220.0
30.0,12.0,2023,0,6,98.49,395.9,34.12,21.92,1.37,19.13,390.0
9.0,4.0,2022,0,6,237.21,374.81,10.19,84.44,1.19,32.07,292.0
13.0,7.0,2023,0,4,37.13,80.28,17.46,2.59,0.59,36.34,72.0
22.0,6.0,2024,0,6,84.39,172.96,54.91,32.99,1.33,56.11,169.0
4.0,7.0,2024,0,4,39.3,89.27,47.7,35.15,0.9,30.15,60.0
6.0,10.0,2023,0,5,77.25,243.12,28.33,19.49,1.14,65.62,192.0
26.0,10.0,2021,0,2,63.12,127.72,44.68,4.75,1.25,39.95,98.0
22.0,4.0,2022,0,5,71.85,188.81,49.96,42.0,0.68,70.31,188.0
29.0,2.0,2024,0,4,43.28,167.64,38.41,26.58,0.49,29.55,138.0
29.0,5.0,2022,1,7,82.9,207.85,37.04,18.58,1.21,29.13,196.0
3.0,1.0,2021,1,7,225.07,239.04,170.95,10.93,1.4,44.29,263.0
31.0,7.0,2023,0,1,36.02,105.12,31.23,15.43,0.52,29.79,94.0
9.0,5.0,2022,0,1,103.11,152.61,2.81,26.07,0.84,86.57,267.0
15.0,11.0,2022,0,2,69.63,244.25,50.08,9.16,1.07,36.35,200.0
4.0,12.0,2022,1,7,249.33,468.77,48.85,3.93,1.98,35.75,408.0
9.0,7.0,2021,0,5,40.09,95.93,36.45,7.87,0.72,33.01,133.0
26.0,11.0,2024,0,2,93.03,318.38,32.67,57.48,1.17,35.56,315.0
17.0,7.0,2022,1,7,48.54,43.11,19.08,23.53,0.37,84.03,96.0
